"file","caption","alt_text","category","png_time","StartTime"
"bio1_sizeatage.png","Length at age in the beginning of the year (or season) in the ending year of the model. Shaded area indicates 95% distribution of length at age around estimated growth curve.",NA,"Bio",2025-04-27 22:54:39.726943,"StartTime: Sun Apr 27 22:45:59 2025"
"bio2_sizeatage_plus_CV_and_SD.png","Length at age (top-left panel) with CV (thick line) and SD (thin line) of length at age shown in top-right and lower-left panels",NA,"Bio",2025-04-27 22:54:39.726943,"StartTime: Sun Apr 27 22:45:59 2025"
"bio3_sizeatage_plus_WT_and_MAT.png","Length at age (top-left panel) with weight (thick line) and maturity (thin line) shown in top-right and lower-left panels",NA,"Bio",2025-04-27 22:54:39.726943,"StartTime: Sun Apr 27 22:45:59 2025"
"bio1B_len_at_age_matrix_1.png","Distribution of length at age for seas: 1 sub_seas: 1 morph: 1",NA,"Bio",2025-04-27 22:54:39.726943,"StartTime: Sun Apr 27 22:45:59 2025"
"bio1B_len_at_age_matrix_2.png","Distribution of length at age for seas: 1 sub_seas: 2 morph: 1",NA,"Bio",2025-04-27 22:54:39.726943,"StartTime: Sun Apr 27 22:45:59 2025"
"bio5_weightatsize.png","Weight-length relationship",NA,"Bio",2025-04-27 22:54:39.726943,"StartTime: Sun Apr 27 22:45:59 2025"
"bio6_maturity.png","Maturity at length",NA,"Bio",2025-04-27 22:54:39.726943,"StartTime: Sun Apr 27 22:45:59 2025"
"bio8_fecundity_wt.png","Fecundity as a function of weight",NA,"Bio",2025-04-27 22:54:39.726943,"StartTime: Sun Apr 27 22:45:59 2025"
"bio9_fecundity_len.png","Fecundity as a function of length",NA,"Bio",2025-04-27 22:54:39.726943,"StartTime: Sun Apr 27 22:45:59 2025"
"bio10_spawningoutput_len.png","Spawning output at length. This is the product of maturity and fecundity unless maturity is age-based, in which case only fecundity is represented.",NA,"Bio",2025-04-27 22:54:39.726943,"StartTime: Sun Apr 27 22:45:59 2025"
"bio11_spawningoutput_age.png","Spawning output at age. This is the product of maturity and fecundity. When these processes are length-based they are converted into the age dimension using the matrix of length at age.",NA,"Bio",2025-04-27 22:54:39.726943,"StartTime: Sun Apr 27 22:45:59 2025"
"sel01_multiple_fleets_length1.png","Selectivity at length for multiple fleets.",NA,"Sel",2025-04-27 22:54:39.726943,"StartTime: Sun Apr 27 22:45:59 2025"
"sel02_multiple_fleets_age1.png","Selectivity at age for multiple fleets.",NA,"Sel",2025-04-27 22:54:39.726943,"StartTime: Sun Apr 27 22:45:59 2025"
"sel02_multiple_fleets_age2.png","Selectivity at age derived from selectivity at length for multiple fleets.",NA,"Sel",2025-04-27 22:54:39.726943,"StartTime: Sun Apr 27 22:45:59 2025"
"sel09_len_flt1sex1.png","Ending year selectivity for 1_CA_TWL",NA,"Sel",2025-04-27 22:54:39.726943,"StartTime: Sun Apr 27 22:45:59 2025"
"sel09_len_flt2sex1.png","Ending year selectivity for 2_CA_NONTWL",NA,"Sel",2025-04-27 22:54:39.726943,"StartTime: Sun Apr 27 22:45:59 2025"
"sel09_len_flt3sex1.png","Ending year selectivity for 3_CA_REC",NA,"Sel",2025-04-27 22:54:39.726943,"StartTime: Sun Apr 27 22:45:59 2025"
"sel09_len_flt4sex1.png","Ending year selectivity for 4_ORWA_TWL",NA,"Sel",2025-04-27 22:54:39.726943,"StartTime: Sun Apr 27 22:45:59 2025"
"sel09_len_flt5sex1.png","Ending year selectivity for 5_ORWA_NONTWL",NA,"Sel",2025-04-27 22:54:39.726943,"StartTime: Sun Apr 27 22:45:59 2025"
"sel09_len_flt6sex1.png","Ending year selectivity for 6_OR_REC",NA,"Sel",2025-04-27 22:54:39.726943,"StartTime: Sun Apr 27 22:45:59 2025"
"sel09_len_flt7sex1.png","Ending year selectivity for 7_WA_REC",NA,"Sel",2025-04-27 22:54:39.726943,"StartTime: Sun Apr 27 22:45:59 2025"
"sel09_len_flt8sex1.png","Ending year selectivity for 8_CACPFV",NA,"Sel",2025-04-27 22:54:39.726943,"StartTime: Sun Apr 27 22:45:59 2025"
"sel09_len_flt9sex1.png","Ending year selectivity for 9_OR_RECOB",NA,"Sel",2025-04-27 22:54:39.726943,"StartTime: Sun Apr 27 22:45:59 2025"
"sel09_len_flt10sex1.png","Ending year selectivity for 10_TRI_ORWA",NA,"Sel",2025-04-27 22:54:39.726943,"StartTime: Sun Apr 27 22:45:59 2025"
"sel09_len_flt11sex1.png","Ending year selectivity for 11_NWFSC_ORWA",NA,"Sel",2025-04-27 22:54:39.726943,"StartTime: Sun Apr 27 22:45:59 2025"
"sel09_len_flt12sex1.png","Ending year selectivity for 12_IPHC_ORWA",NA,"Sel",2025-04-27 22:54:39.726943,"StartTime: Sun Apr 27 22:45:59 2025"
"sel21_agelen_contour_flt1sex1.png","Ending year selectivity and growth for 1_CA_TWL",NA,"Sel",2025-04-27 22:54:39.726943,"StartTime: Sun Apr 27 22:45:59 2025"
"sel21_agelen_contour_flt2sex1.png","Ending year selectivity and growth for 2_CA_NONTWL",NA,"Sel",2025-04-27 22:54:39.726943,"StartTime: Sun Apr 27 22:45:59 2025"
"sel21_agelen_contour_flt3sex1.png","Ending year selectivity and growth for 3_CA_REC",NA,"Sel",2025-04-27 22:54:39.726943,"StartTime: Sun Apr 27 22:45:59 2025"
"sel21_agelen_contour_flt4sex1.png","Ending year selectivity and growth for 4_ORWA_TWL",NA,"Sel",2025-04-27 22:54:39.726943,"StartTime: Sun Apr 27 22:45:59 2025"
"sel21_agelen_contour_flt5sex1.png","Ending year selectivity and growth for 5_ORWA_NONTWL",NA,"Sel",2025-04-27 22:54:39.726943,"StartTime: Sun Apr 27 22:45:59 2025"
"sel21_agelen_contour_flt6sex1.png","Ending year selectivity and growth for 6_OR_REC",NA,"Sel",2025-04-27 22:54:39.726943,"StartTime: Sun Apr 27 22:45:59 2025"
"sel21_agelen_contour_flt7sex1.png","Ending year selectivity and growth for 7_WA_REC",NA,"Sel",2025-04-27 22:54:39.726943,"StartTime: Sun Apr 27 22:45:59 2025"
"sel21_agelen_contour_flt8sex1.png","Ending year selectivity and growth for 8_CACPFV",NA,"Sel",2025-04-27 22:54:39.726943,"StartTime: Sun Apr 27 22:45:59 2025"
"sel21_agelen_contour_flt9sex1.png","Ending year selectivity and growth for 9_OR_RECOB",NA,"Sel",2025-04-27 22:54:39.726943,"StartTime: Sun Apr 27 22:45:59 2025"
"sel21_agelen_contour_flt10sex1.png","Ending year selectivity and growth for 10_TRI_ORWA",NA,"Sel",2025-04-27 22:54:39.726943,"StartTime: Sun Apr 27 22:45:59 2025"
"sel21_agelen_contour_flt11sex1.png","Ending year selectivity and growth for 11_NWFSC_ORWA",NA,"Sel",2025-04-27 22:54:39.726943,"StartTime: Sun Apr 27 22:45:59 2025"
"sel21_agelen_contour_flt12sex1.png","Ending year selectivity and growth for 12_IPHC_ORWA",NA,"Sel",2025-04-27 22:54:39.726943,"StartTime: Sun Apr 27 22:45:59 2025"
"ts7_Spawning_output.png","Spawning output",NA,"Timeseries",2025-04-27 22:54:39.726943,"StartTime: Sun Apr 27 22:45:59 2025"
"ts8_Spawning_output_by_area.png","Spawning output by area",NA,"Timeseries",2025-04-27 22:54:39.726943,"StartTime: Sun Apr 27 22:45:59 2025"
"ts9_Relative_spawning_output.png","Relative spawning output: B/B_0",NA,"Timeseries",2025-04-27 22:54:39.726943,"StartTime: Sun Apr 27 22:45:59 2025"
"ts10_Relative_spawning_output.png","Relative spawning output: B/B_0 by area",NA,"Timeseries",2025-04-27 22:54:39.726943,"StartTime: Sun Apr 27 22:45:59 2025"
"ts1_Total_biomass_(t).png","Total biomass (t)",NA,"Timeseries",2025-04-27 22:54:39.726943,"StartTime: Sun Apr 27 22:45:59 2025"
"ts2_Total_biomass_(t)_by_area.png","Total biomass (t) by area",NA,"Timeseries",2025-04-27 22:54:39.726943,"StartTime: Sun Apr 27 22:45:59 2025"
"ts4_Summary_biomass_(t).png","Summary biomass (t)",NA,"Timeseries",2025-04-27 22:54:39.726943,"StartTime: Sun Apr 27 22:45:59 2025"
"ts5_Summary_biomass_(t)_by_area.png","Summary biomass (t) by area",NA,"Timeseries",2025-04-27 22:54:39.726943,"StartTime: Sun Apr 27 22:45:59 2025"
"ts11_Age-0_recruits_(1000s).png","Age-0 recruits (1,000s)",NA,"Timeseries",2025-04-27 22:54:39.726943,"StartTime: Sun Apr 27 22:45:59 2025"
"ts12_Age-0_recruits_(1000s)_by_area.png","Age-0 recruits (1,000s) by area",NA,"Timeseries",2025-04-27 22:54:39.726943,"StartTime: Sun Apr 27 22:45:59 2025"
"ts13_Fraction_of_total_Age-0_recruits_by_area.png","Fraction of total Age-0 recruits by area",NA,"Timeseries",2025-04-27 22:54:39.726943,"StartTime: Sun Apr 27 22:45:59 2025"
"ts_summaryF.png","Summary F (definition of F depends on setting in starter.ss)",NA,"Timeseries",2025-04-27 22:54:39.726943,"StartTime: Sun Apr 27 22:45:59 2025"
"ts_DynamicB0.png","Dynamic B0 plot. The lower line shows the time series of estimated Spawning output in the presence of fishing mortality. The upper line shows the time series that could occur under the same dynamics (including deviations in recruitment), but without fishing. The point at the left represents the unfished equilibrium.",NA,"Timeseries",2025-04-27 22:54:39.726943,"StartTime: Sun Apr 27 22:45:59 2025"
"recdevs1_points.png","Recruitment deviations",NA,"RecDev",2025-04-27 22:54:39.726943,"StartTime: Sun Apr 27 22:45:59 2025"
"SR_curve.png","Stock-recruit curve.  Point colors indicate year, with warmer colors indicating earlier years and cooler colors in showing later years.",NA,"S-R",2025-04-27 22:54:39.726943,"StartTime: Sun Apr 27 22:45:59 2025"
"SR_curve2.png","Stock-recruit curve with labels on first, last, and years with (log) deviations > 0.5. Point colors indicate year, with warmer colors indicating earlier years and cooler colors in showing later years.",NA,"S-R",2025-04-27 22:54:39.726943,"StartTime: Sun Apr 27 22:45:59 2025"
"SR_resids.png","Deviations around the stock-recruit curve. Labels are on first, last, and years with (log) deviations > 0.5. Point colors indicate year, with warmer colors indicating earlier years and cooler colors in showing later years.",NA,"S-R",2025-04-27 22:54:39.726943,"StartTime: Sun Apr 27 22:45:59 2025"
"catch1_landings.png","landings",NA,"Catch",2025-04-27 22:54:39.726943,"StartTime: Sun Apr 27 22:45:59 2025"
"catch2_landings_stacked.png","landings_stacked",NA,"Catch",2025-04-27 22:54:39.726943,"StartTime: Sun Apr 27 22:45:59 2025"
"catch3_observed_and_expected_landings_(if_different).png","observed_and_expected_landings_(if_different). Catch input in numbers is compared here to catch in biomass, making this figure less useful for models like this with catch in numbers. Future versions of this plot will be improve to compare catch in the same units.",NA,"Catch",2025-04-27 22:54:39.726943,"StartTime: Sun Apr 27 22:45:59 2025"
"catch9_harvest_rate.png","harvest_rate",NA,"Catch",2025-04-27 22:54:39.726943,"StartTime: Sun Apr 27 22:45:59 2025"
"SPR1_series.png","Timeseries of SPR. Horizontal line is at SPR target: 0.5",NA,"SPR",2025-04-27 22:54:39.726943,"StartTime: Sun Apr 27 22:45:59 2025"
"SPR2_minusSPRseries.png","Timeseries of 1-SPR. Horizontal line is at 1 - SPR target: 1 - 0.5 = 0.5",NA,"SPR",2025-04-27 22:54:39.726943,"StartTime: Sun Apr 27 22:45:59 2025"
"SPR3_ratiointerval.png","Timeseries of SPR ratio: (1-SPR)/(1-SPR_50%)",NA,"SPR",2025-04-27 22:54:39.726943,"StartTime: Sun Apr 27 22:45:59 2025"
"SPR4_phase.png","Phase plot of biomass ratio vs. SPR ratio.<br> Each point represents the biomass ratio at the start of the year and the relative fishing intensity in that same year. Warmer colors (red) represent early years and colder colors (blue) represent recent years. The vertical line at 0.4 indicates the reference point as defined in the forecast.ss which can be removed from the plot via <code>SS_plots(..., btarg = -1)</code>. ",NA,"SPR",2025-04-27 22:54:39.726943,"StartTime: Sun Apr 27 22:45:59 2025"
"index1_cpuedata_3_CA_REC.png","Index data for 3_CA_REC. Lines indicate 95% uncertainty interval around index values based on the model assumption of lognormal error. Thicker lines (if present) indicate input uncertainty before addition of estimated additional uncertainty parameter.",NA,"Index",2025-04-27 22:54:39.726943,"StartTime: Sun Apr 27 22:45:59 2025"
"index2_cpuefit_3_CA_REC.png","Fit to index data for 3_CA_REC. Lines indicate 95% uncertainty interval around index values based on the model assumption of lognormal error. Thicker lines (if present) indicate input uncertainty before addition of estimated additional uncertainty parameter.",NA,"Index",2025-04-27 22:54:39.726943,"StartTime: Sun Apr 27 22:45:59 2025"
"index3_obs_vs_exp_3_CA_REC.png","Observed vs. expected index values with smoother for 3_CA_REC",NA,"Index",2025-04-27 22:54:39.726943,"StartTime: Sun Apr 27 22:45:59 2025"
"index4_logcpuedata_3_CA_REC.png","Log index data for 3_CA_REC. Lines indicate 95% uncertainty interval around index values based on the model assumption of lognormal error. Thicker lines (if present) indicate input uncertainty before addition of estimated additional uncertainty parameter.",NA,"Index",2025-04-27 22:54:39.726943,"StartTime: Sun Apr 27 22:45:59 2025"
"index5_logcpuefit_3_CA_REC.png","Fit to log index data on log scale for 3_CA_REC. Lines indicate 95% uncertainty interval around index values based on the model assumption of lognormal error. Thicker lines (if present) indicate input uncertainty before addition of estimated additional uncertainty parameter.",NA,"Index",2025-04-27 22:54:39.726943,"StartTime: Sun Apr 27 22:45:59 2025"
"index6_log_obs_vs_exp_3_CA_REC.png","log(observed) vs. log(expected) index values with smoother for 3_CA_REC",NA,"Index",2025-04-27 22:54:39.726943,"StartTime: Sun Apr 27 22:45:59 2025"
"index10_resids_SE_total_3_CA_REC.png","Residuals of fit to index for 3_CA_REC.<br>Values are (log(Obs) - log(Exp))/SE where SE is the total standard error including any estimated additional uncertainty.",NA,"Index",2025-04-27 22:54:39.726943,"StartTime: Sun Apr 27 22:45:59 2025"
"index12_resids_SE_total_3_CA_REC.png","Deviations for fit to index for 3_CA_REC.<br>Values are log(Obs) - log(Exp) and thus independent of index uncertainty.",NA,"Index",2025-04-27 22:54:39.726943,"StartTime: Sun Apr 27 22:45:59 2025"
"index1_cpuedata_6_OR_REC.png","Index data for 6_OR_REC. Lines indicate 95% uncertainty interval around index values based on the model assumption of lognormal error. Thicker lines (if present) indicate input uncertainty before addition of estimated additional uncertainty parameter.",NA,"Index",2025-04-27 22:54:39.726943,"StartTime: Sun Apr 27 22:45:59 2025"
"index2_cpuefit_6_OR_REC.png","Fit to index data for 6_OR_REC. Lines indicate 95% uncertainty interval around index values based on the model assumption of lognormal error. Thicker lines (if present) indicate input uncertainty before addition of estimated additional uncertainty parameter.",NA,"Index",2025-04-27 22:54:39.726943,"StartTime: Sun Apr 27 22:45:59 2025"
"index3_obs_vs_exp_6_OR_REC.png","Observed vs. expected index values with smoother for 6_OR_REC",NA,"Index",2025-04-27 22:54:39.726943,"StartTime: Sun Apr 27 22:45:59 2025"
"index4_logcpuedata_6_OR_REC.png","Log index data for 6_OR_REC. Lines indicate 95% uncertainty interval around index values based on the model assumption of lognormal error. Thicker lines (if present) indicate input uncertainty before addition of estimated additional uncertainty parameter.",NA,"Index",2025-04-27 22:54:39.726943,"StartTime: Sun Apr 27 22:45:59 2025"
"index5_logcpuefit_6_OR_REC.png","Fit to log index data on log scale for 6_OR_REC. Lines indicate 95% uncertainty interval around index values based on the model assumption of lognormal error. Thicker lines (if present) indicate input uncertainty before addition of estimated additional uncertainty parameter.",NA,"Index",2025-04-27 22:54:39.726943,"StartTime: Sun Apr 27 22:45:59 2025"
"index6_log_obs_vs_exp_6_OR_REC.png","log(observed) vs. log(expected) index values with smoother for 6_OR_REC",NA,"Index",2025-04-27 22:54:39.726943,"StartTime: Sun Apr 27 22:45:59 2025"
"index10_resids_SE_total_6_OR_REC.png","Residuals of fit to index for 6_OR_REC.<br>Values are (log(Obs) - log(Exp))/SE where SE is the total standard error including any estimated additional uncertainty.",NA,"Index",2025-04-27 22:54:39.726943,"StartTime: Sun Apr 27 22:45:59 2025"
"index12_resids_SE_total_6_OR_REC.png","Deviations for fit to index for 6_OR_REC.<br>Values are log(Obs) - log(Exp) and thus independent of index uncertainty.",NA,"Index",2025-04-27 22:54:39.726943,"StartTime: Sun Apr 27 22:45:59 2025"
"index1_cpuedata_7_WA_REC.png","Index data for 7_WA_REC. Lines indicate 95% uncertainty interval around index values based on the model assumption of lognormal error. Thicker lines (if present) indicate input uncertainty before addition of estimated additional uncertainty parameter.",NA,"Index",2025-04-27 22:54:39.726943,"StartTime: Sun Apr 27 22:45:59 2025"
"index2_cpuefit_7_WA_REC.png","Fit to index data for 7_WA_REC. Lines indicate 95% uncertainty interval around index values based on the model assumption of lognormal error. Thicker lines (if present) indicate input uncertainty before addition of estimated additional uncertainty parameter.",NA,"Index",2025-04-27 22:54:39.726943,"StartTime: Sun Apr 27 22:45:59 2025"
"index3_obs_vs_exp_7_WA_REC.png","Observed vs. expected index values with smoother for 7_WA_REC",NA,"Index",2025-04-27 22:54:39.726943,"StartTime: Sun Apr 27 22:45:59 2025"
"index4_logcpuedata_7_WA_REC.png","Log index data for 7_WA_REC. Lines indicate 95% uncertainty interval around index values based on the model assumption of lognormal error. Thicker lines (if present) indicate input uncertainty before addition of estimated additional uncertainty parameter.",NA,"Index",2025-04-27 22:54:39.726943,"StartTime: Sun Apr 27 22:45:59 2025"
"index5_logcpuefit_7_WA_REC.png","Fit to log index data on log scale for 7_WA_REC. Lines indicate 95% uncertainty interval around index values based on the model assumption of lognormal error. Thicker lines (if present) indicate input uncertainty before addition of estimated additional uncertainty parameter.",NA,"Index",2025-04-27 22:54:39.726943,"StartTime: Sun Apr 27 22:45:59 2025"
"index6_log_obs_vs_exp_7_WA_REC.png","log(observed) vs. log(expected) index values with smoother for 7_WA_REC",NA,"Index",2025-04-27 22:54:39.726943,"StartTime: Sun Apr 27 22:45:59 2025"
"index10_resids_SE_total_7_WA_REC.png","Residuals of fit to index for 7_WA_REC.<br>Values are (log(Obs) - log(Exp))/SE where SE is the total standard error including any estimated additional uncertainty.",NA,"Index",2025-04-27 22:54:39.726943,"StartTime: Sun Apr 27 22:45:59 2025"
"index12_resids_SE_total_7_WA_REC.png","Deviations for fit to index for 7_WA_REC.<br>Values are log(Obs) - log(Exp) and thus independent of index uncertainty.",NA,"Index",2025-04-27 22:54:39.726943,"StartTime: Sun Apr 27 22:45:59 2025"
"index1_cpuedata_8_CACPFV.png","Index data for 8_CACPFV. Lines indicate 95% uncertainty interval around index values based on the model assumption of lognormal error. Thicker lines (if present) indicate input uncertainty before addition of estimated additional uncertainty parameter.",NA,"Index",2025-04-27 22:54:39.726943,"StartTime: Sun Apr 27 22:45:59 2025"
"index2_cpuefit_8_CACPFV.png","Fit to index data for 8_CACPFV. Lines indicate 95% uncertainty interval around index values based on the model assumption of lognormal error. Thicker lines (if present) indicate input uncertainty before addition of estimated additional uncertainty parameter.",NA,"Index",2025-04-27 22:54:39.726943,"StartTime: Sun Apr 27 22:45:59 2025"
"index3_obs_vs_exp_8_CACPFV.png","Observed vs. expected index values with smoother for 8_CACPFV",NA,"Index",2025-04-27 22:54:39.726943,"StartTime: Sun Apr 27 22:45:59 2025"
"index4_logcpuedata_8_CACPFV.png","Log index data for 8_CACPFV. Lines indicate 95% uncertainty interval around index values based on the model assumption of lognormal error. Thicker lines (if present) indicate input uncertainty before addition of estimated additional uncertainty parameter.",NA,"Index",2025-04-27 22:54:39.726943,"StartTime: Sun Apr 27 22:45:59 2025"
"index5_logcpuefit_8_CACPFV.png","Fit to log index data on log scale for 8_CACPFV. Lines indicate 95% uncertainty interval around index values based on the model assumption of lognormal error. Thicker lines (if present) indicate input uncertainty before addition of estimated additional uncertainty parameter.",NA,"Index",2025-04-27 22:54:39.726943,"StartTime: Sun Apr 27 22:45:59 2025"
"index6_log_obs_vs_exp_8_CACPFV.png","log(observed) vs. log(expected) index values with smoother for 8_CACPFV",NA,"Index",2025-04-27 22:54:39.726943,"StartTime: Sun Apr 27 22:45:59 2025"
"index10_resids_SE_total_8_CACPFV.png","Residuals of fit to index for 8_CACPFV.<br>Values are (log(Obs) - log(Exp))/SE where SE is the total standard error including any estimated additional uncertainty.",NA,"Index",2025-04-27 22:54:39.726943,"StartTime: Sun Apr 27 22:45:59 2025"
"index12_resids_SE_total_8_CACPFV.png","Deviations for fit to index for 8_CACPFV.<br>Values are log(Obs) - log(Exp) and thus independent of index uncertainty.",NA,"Index",2025-04-27 22:54:39.726943,"StartTime: Sun Apr 27 22:45:59 2025"
"index1_cpuedata_9_OR_RECOB.png","Index data for 9_OR_RECOB. Lines indicate 95% uncertainty interval around index values based on the model assumption of lognormal error. Thicker lines (if present) indicate input uncertainty before addition of estimated additional uncertainty parameter.",NA,"Index",2025-04-27 22:54:39.726943,"StartTime: Sun Apr 27 22:45:59 2025"
"index2_cpuefit_9_OR_RECOB.png","Fit to index data for 9_OR_RECOB. Lines indicate 95% uncertainty interval around index values based on the model assumption of lognormal error. Thicker lines (if present) indicate input uncertainty before addition of estimated additional uncertainty parameter.",NA,"Index",2025-04-27 22:54:39.726943,"StartTime: Sun Apr 27 22:45:59 2025"
"index3_obs_vs_exp_9_OR_RECOB.png","Observed vs. expected index values with smoother for 9_OR_RECOB",NA,"Index",2025-04-27 22:54:39.726943,"StartTime: Sun Apr 27 22:45:59 2025"
"index4_logcpuedata_9_OR_RECOB.png","Log index data for 9_OR_RECOB. Lines indicate 95% uncertainty interval around index values based on the model assumption of lognormal error. Thicker lines (if present) indicate input uncertainty before addition of estimated additional uncertainty parameter.",NA,"Index",2025-04-27 22:54:39.726943,"StartTime: Sun Apr 27 22:45:59 2025"
"index5_logcpuefit_9_OR_RECOB.png","Fit to log index data on log scale for 9_OR_RECOB. Lines indicate 95% uncertainty interval around index values based on the model assumption of lognormal error. Thicker lines (if present) indicate input uncertainty before addition of estimated additional uncertainty parameter.",NA,"Index",2025-04-27 22:54:39.726943,"StartTime: Sun Apr 27 22:45:59 2025"
"index6_log_obs_vs_exp_9_OR_RECOB.png","log(observed) vs. log(expected) index values with smoother for 9_OR_RECOB",NA,"Index",2025-04-27 22:54:39.726943,"StartTime: Sun Apr 27 22:45:59 2025"
"index10_resids_SE_total_9_OR_RECOB.png","Residuals of fit to index for 9_OR_RECOB.<br>Values are (log(Obs) - log(Exp))/SE where SE is the total standard error including any estimated additional uncertainty.",NA,"Index",2025-04-27 22:54:39.726943,"StartTime: Sun Apr 27 22:45:59 2025"
"index12_resids_SE_total_9_OR_RECOB.png","Deviations for fit to index for 9_OR_RECOB.<br>Values are log(Obs) - log(Exp) and thus independent of index uncertainty.",NA,"Index",2025-04-27 22:54:39.726943,"StartTime: Sun Apr 27 22:45:59 2025"
"index1_cpuedata_10_TRI_ORWA.png","Index data for 10_TRI_ORWA. Lines indicate 95% uncertainty interval around index values based on the model assumption of lognormal error. Thicker lines (if present) indicate input uncertainty before addition of estimated additional uncertainty parameter.",NA,"Index",2025-04-27 22:54:39.726943,"StartTime: Sun Apr 27 22:45:59 2025"
"index2_cpuefit_10_TRI_ORWA.png","Fit to index data for 10_TRI_ORWA. Lines indicate 95% uncertainty interval around index values based on the model assumption of lognormal error. Thicker lines (if present) indicate input uncertainty before addition of estimated additional uncertainty parameter.",NA,"Index",2025-04-27 22:54:39.726943,"StartTime: Sun Apr 27 22:45:59 2025"
"index3_obs_vs_exp_10_TRI_ORWA.png","Observed vs. expected index values with smoother for 10_TRI_ORWA",NA,"Index",2025-04-27 22:54:39.726943,"StartTime: Sun Apr 27 22:45:59 2025"
"index4_logcpuedata_10_TRI_ORWA.png","Log index data for 10_TRI_ORWA. Lines indicate 95% uncertainty interval around index values based on the model assumption of lognormal error. Thicker lines (if present) indicate input uncertainty before addition of estimated additional uncertainty parameter.",NA,"Index",2025-04-27 22:54:39.726943,"StartTime: Sun Apr 27 22:45:59 2025"
"index5_logcpuefit_10_TRI_ORWA.png","Fit to log index data on log scale for 10_TRI_ORWA. Lines indicate 95% uncertainty interval around index values based on the model assumption of lognormal error. Thicker lines (if present) indicate input uncertainty before addition of estimated additional uncertainty parameter.",NA,"Index",2025-04-27 22:54:39.726943,"StartTime: Sun Apr 27 22:45:59 2025"
"index6_log_obs_vs_exp_10_TRI_ORWA.png","log(observed) vs. log(expected) index values with smoother for 10_TRI_ORWA",NA,"Index",2025-04-27 22:54:39.726943,"StartTime: Sun Apr 27 22:45:59 2025"
"index10_resids_SE_total_10_TRI_ORWA.png","Residuals of fit to index for 10_TRI_ORWA.<br>Values are (log(Obs) - log(Exp))/SE where SE is the total standard error including any estimated additional uncertainty.",NA,"Index",2025-04-27 22:54:39.726943,"StartTime: Sun Apr 27 22:45:59 2025"
"index12_resids_SE_total_10_TRI_ORWA.png","Deviations for fit to index for 10_TRI_ORWA.<br>Values are log(Obs) - log(Exp) and thus independent of index uncertainty.",NA,"Index",2025-04-27 22:54:39.726943,"StartTime: Sun Apr 27 22:45:59 2025"
"index1_cpuedata_11_NWFSC_ORWA.png","Index data for 11_NWFSC_ORWA. Lines indicate 95% uncertainty interval around index values based on the model assumption of lognormal error. Thicker lines (if present) indicate input uncertainty before addition of estimated additional uncertainty parameter.",NA,"Index",2025-04-27 22:54:39.726943,"StartTime: Sun Apr 27 22:45:59 2025"
"index2_cpuefit_11_NWFSC_ORWA.png","Fit to index data for 11_NWFSC_ORWA. Lines indicate 95% uncertainty interval around index values based on the model assumption of lognormal error. Thicker lines (if present) indicate input uncertainty before addition of estimated additional uncertainty parameter.",NA,"Index",2025-04-27 22:54:39.726943,"StartTime: Sun Apr 27 22:45:59 2025"
"index3_obs_vs_exp_11_NWFSC_ORWA.png","Observed vs. expected index values with smoother for 11_NWFSC_ORWA",NA,"Index",2025-04-27 22:54:39.726943,"StartTime: Sun Apr 27 22:45:59 2025"
"index4_logcpuedata_11_NWFSC_ORWA.png","Log index data for 11_NWFSC_ORWA. Lines indicate 95% uncertainty interval around index values based on the model assumption of lognormal error. Thicker lines (if present) indicate input uncertainty before addition of estimated additional uncertainty parameter.",NA,"Index",2025-04-27 22:54:39.726943,"StartTime: Sun Apr 27 22:45:59 2025"
"index5_logcpuefit_11_NWFSC_ORWA.png","Fit to log index data on log scale for 11_NWFSC_ORWA. Lines indicate 95% uncertainty interval around index values based on the model assumption of lognormal error. Thicker lines (if present) indicate input uncertainty before addition of estimated additional uncertainty parameter.",NA,"Index",2025-04-27 22:54:39.726943,"StartTime: Sun Apr 27 22:45:59 2025"
"index6_log_obs_vs_exp_11_NWFSC_ORWA.png","log(observed) vs. log(expected) index values with smoother for 11_NWFSC_ORWA",NA,"Index",2025-04-27 22:54:39.726943,"StartTime: Sun Apr 27 22:45:59 2025"
"index10_resids_SE_total_11_NWFSC_ORWA.png","Residuals of fit to index for 11_NWFSC_ORWA.<br>Values are (log(Obs) - log(Exp))/SE where SE is the total standard error including any estimated additional uncertainty.",NA,"Index",2025-04-27 22:54:39.726943,"StartTime: Sun Apr 27 22:45:59 2025"
"index12_resids_SE_total_11_NWFSC_ORWA.png","Deviations for fit to index for 11_NWFSC_ORWA.<br>Values are log(Obs) - log(Exp) and thus independent of index uncertainty.",NA,"Index",2025-04-27 22:54:39.726943,"StartTime: Sun Apr 27 22:45:59 2025"
"index1_cpuedata_12_IPHC_ORWA.png","Index data for 12_IPHC_ORWA. Lines indicate 95% uncertainty interval around index values based on the model assumption of lognormal error. Thicker lines (if present) indicate input uncertainty before addition of estimated additional uncertainty parameter.",NA,"Index",2025-04-27 22:54:39.726943,"StartTime: Sun Apr 27 22:45:59 2025"
"index2_cpuefit_12_IPHC_ORWA.png","Fit to index data for 12_IPHC_ORWA. Lines indicate 95% uncertainty interval around index values based on the model assumption of lognormal error. Thicker lines (if present) indicate input uncertainty before addition of estimated additional uncertainty parameter.",NA,"Index",2025-04-27 22:54:39.726943,"StartTime: Sun Apr 27 22:45:59 2025"
"index3_obs_vs_exp_12_IPHC_ORWA.png","Observed vs. expected index values with smoother for 12_IPHC_ORWA",NA,"Index",2025-04-27 22:54:39.726943,"StartTime: Sun Apr 27 22:45:59 2025"
"index4_logcpuedata_12_IPHC_ORWA.png","Log index data for 12_IPHC_ORWA. Lines indicate 95% uncertainty interval around index values based on the model assumption of lognormal error. Thicker lines (if present) indicate input uncertainty before addition of estimated additional uncertainty parameter.",NA,"Index",2025-04-27 22:54:39.726943,"StartTime: Sun Apr 27 22:45:59 2025"
"index5_logcpuefit_12_IPHC_ORWA.png","Fit to log index data on log scale for 12_IPHC_ORWA. Lines indicate 95% uncertainty interval around index values based on the model assumption of lognormal error. Thicker lines (if present) indicate input uncertainty before addition of estimated additional uncertainty parameter.",NA,"Index",2025-04-27 22:54:39.726943,"StartTime: Sun Apr 27 22:45:59 2025"
"index6_log_obs_vs_exp_12_IPHC_ORWA.png","log(observed) vs. log(expected) index values with smoother for 12_IPHC_ORWA",NA,"Index",2025-04-27 22:54:39.726943,"StartTime: Sun Apr 27 22:45:59 2025"
"index10_resids_SE_total_12_IPHC_ORWA.png","Residuals of fit to index for 12_IPHC_ORWA.<br>Values are (log(Obs) - log(Exp))/SE where SE is the total standard error including any estimated additional uncertainty.",NA,"Index",2025-04-27 22:54:39.726943,"StartTime: Sun Apr 27 22:45:59 2025"
"index12_resids_SE_total_12_IPHC_ORWA.png","Deviations for fit to index for 12_IPHC_ORWA.<br>Values are log(Obs) - log(Exp) and thus independent of index uncertainty.",NA,"Index",2025-04-27 22:54:39.726943,"StartTime: Sun Apr 27 22:45:59 2025"
"index9_standcpueall.png","Standardized indices overlaid. Each index is rescaled to have mean observation = 1.0.",NA,"Index",2025-04-27 22:54:39.726943,"StartTime: Sun Apr 27 22:45:59 2025"
"numbers1_area1_sex1_beg.png","Beginning of year expected numbers at age in area1 in (max ~ 199.4 thousand)",NA,"Numbers",2025-04-27 22:54:39.726943,"StartTime: Sun Apr 27 22:45:59 2025"
"numbers1_area1_sex1_mid.png","Middle of year expected numbers at age in area1 in (max ~ 195.1 thousand)",NA,"Numbers",2025-04-27 22:54:39.726943,"StartTime: Sun Apr 27 22:45:59 2025"
"numbers1_area2_sex1_beg.png","Beginning of year expected numbers at age in area2 in (max ~ 302.1 thousand)",NA,"Numbers",2025-04-27 22:54:39.726943,"StartTime: Sun Apr 27 22:45:59 2025"
"numbers1_area2_sex1_mid.png","Middle of year expected numbers at age in area2 in (max ~ 295.5 thousand)",NA,"Numbers",2025-04-27 22:54:39.726943,"StartTime: Sun Apr 27 22:45:59 2025"
"numbers6_len_area1_sex1.png","Beginning of year expected numbers at length in area1 in (max ~ 329.9 thousand)",NA,"Numbers",2025-04-27 22:54:39.726943,"StartTime: Sun Apr 27 22:45:59 2025"
"numbers6_len_area1_sex1.png","Middle of year expected numbers at length in area1 in (max ~ 251.3 thousand)",NA,"Numbers",2025-04-27 22:54:39.726943,"StartTime: Sun Apr 27 22:45:59 2025"
"numbers6_len_area2_sex1.png","Beginning of year expected numbers at length in area2 in (max ~ 499.8 thousand)",NA,"Numbers",2025-04-27 22:54:39.726943,"StartTime: Sun Apr 27 22:45:59 2025"
"numbers6_len_area2_sex1.png","Middle of year expected numbers at length in area2 in (max ~ 380.8 thousand)",NA,"Numbers",2025-04-27 22:54:39.726943,"StartTime: Sun Apr 27 22:45:59 2025"
"numbers4_equilagecomp.png","Equilibrium age distribution",NA,"Numbers",2025-04-27 22:54:39.726943,"StartTime: Sun Apr 27 22:45:59 2025"
"numbers5_ageerrorSD.png","Ageing imprecision: SD of observed age (yr)",NA,"Numbers",2025-04-27 22:54:39.726943,"StartTime: Sun Apr 27 22:45:59 2025"
"numbers10_ageerror_matrix_1.png","Distribution of observed age at true age 
 for ageing error type 1",NA,"Numbers",2025-04-27 22:54:39.726943,"StartTime: Sun Apr 27 22:45:59 2025"
"numbers10_ageerror_matrix_2.png","Distribution of observed age at true age 
 for ageing error type 2",NA,"Numbers",2025-04-27 22:54:39.726943,"StartTime: Sun Apr 27 22:45:59 2025"
"comp_lendat__aggregated_across_time.png","Length comp data, aggregated across time by fleet.
 <br> Labels 'retained' and 'discard' indicate discarded or retained sampled for each fleet. Panels without this designation represent the whole catch.
",NA,"CompDat",2025-04-27 22:54:39.726943,"StartTime: Sun Apr 27 22:45:59 2025"
"comp_lendat__page1_multi-fleet_comparison.png","Length comp data,  comparing across fleets (plot 1 of 2)",NA,"CompDat",2025-04-27 22:54:39.726943,"StartTime: Sun Apr 27 22:45:59 2025"
"comp_lendat__page2_multi-fleet_comparison.png","Length comp data,  comparing across fleets (plot 2 of 2)",NA,"CompDat",2025-04-27 22:54:39.726943,"StartTime: Sun Apr 27 22:45:59 2025"
"comp_lendat_flt1mkt0_page1.png","Length comp data, whole catch, 1_CA_TWL (plot 1 of 2).<br><br>'N adj.' is the input sample size after data-weighting adjustment. N eff. is the calculated effective sample size used in the McAllister-Ianelli tuning method.",NA,"CompDat",2025-04-27 22:54:39.726943,"StartTime: Sun Apr 27 22:45:59 2025"
"comp_lendat_flt1mkt0_page2.png","Length comp data, whole catch, 1_CA_TWL (plot 1 of 2).<br><br>'N adj.' is the input sample size after data-weighting adjustment. N eff. is the calculated effective sample size used in the McAllister-Ianelli tuning method. (plot 2 of 2)",NA,"CompDat",2025-04-27 22:54:39.726943,"StartTime: Sun Apr 27 22:45:59 2025"
"comp_lendat_bubflt1mkt0_page2.png","Length comp data, whole catch, 1_CA_TWL (max=0.97) (plot 2 of 2)",NA,"CompDat",2025-04-27 22:54:39.726943,"StartTime: Sun Apr 27 22:45:59 2025"
"comp_lendat_data_weighting_TA1-8_1_CA_TWL.png","Mean length for 1_CA_TWL with 95% confidence intervals based on current sample sizes.",NA,"CompDat",2025-04-27 22:54:39.726943,"StartTime: Sun Apr 27 22:45:59 2025"
"comp_lendat_flt2mkt0_page1.png","Length comp data, whole catch, 2_CA_NONTWL (plot 1 of 2).<br><br>'N adj.' is the input sample size after data-weighting adjustment. N eff. is the calculated effective sample size used in the McAllister-Ianelli tuning method.",NA,"CompDat",2025-04-27 22:54:39.726943,"StartTime: Sun Apr 27 22:45:59 2025"
"comp_lendat_flt2mkt0_page2.png","Length comp data, whole catch, 2_CA_NONTWL (plot 1 of 2).<br><br>'N adj.' is the input sample size after data-weighting adjustment. N eff. is the calculated effective sample size used in the McAllister-Ianelli tuning method. (plot 2 of 2)",NA,"CompDat",2025-04-27 22:54:39.726943,"StartTime: Sun Apr 27 22:45:59 2025"
"comp_lendat_bubflt2mkt0_page2.png","Length comp data, whole catch, 2_CA_NONTWL (max=0.48) (plot 2 of 2)",NA,"CompDat",2025-04-27 22:54:39.726943,"StartTime: Sun Apr 27 22:45:59 2025"
"comp_lendat_data_weighting_TA1-8_2_CA_NONTWL.png","Mean length for 2_CA_NONTWL with 95% confidence intervals based on current sample sizes.",NA,"CompDat",2025-04-27 22:54:39.726943,"StartTime: Sun Apr 27 22:45:59 2025"
"comp_lendat_flt3mkt0_page1.png","Length comp data, whole catch, 3_CA_REC (plot 1 of 2).<br><br>'N adj.' is the input sample size after data-weighting adjustment. N eff. is the calculated effective sample size used in the McAllister-Ianelli tuning method.",NA,"CompDat",2025-04-27 22:54:39.726943,"StartTime: Sun Apr 27 22:45:59 2025"
"comp_lendat_flt3mkt0_page2.png","Length comp data, whole catch, 3_CA_REC (plot 1 of 2).<br><br>'N adj.' is the input sample size after data-weighting adjustment. N eff. is the calculated effective sample size used in the McAllister-Ianelli tuning method. (plot 2 of 2)",NA,"CompDat",2025-04-27 22:54:39.726943,"StartTime: Sun Apr 27 22:45:59 2025"
"comp_lendat_bubflt3mkt0_page2.png","Length comp data, whole catch, 3_CA_REC (max=0.29) (plot 2 of 2)",NA,"CompDat",2025-04-27 22:54:39.726943,"StartTime: Sun Apr 27 22:45:59 2025"
"comp_lendat_data_weighting_TA1-8_3_CA_REC.png","Mean length for 3_CA_REC with 95% confidence intervals based on current sample sizes.",NA,"CompDat",2025-04-27 22:54:39.726943,"StartTime: Sun Apr 27 22:45:59 2025"
"comp_lendat_flt4mkt0_page1.png","Length comp data, whole catch, 4_ORWA_TWL (plot 1 of 2).<br><br>'N adj.' is the input sample size after data-weighting adjustment. N eff. is the calculated effective sample size used in the McAllister-Ianelli tuning method.",NA,"CompDat",2025-04-27 22:54:39.726943,"StartTime: Sun Apr 27 22:45:59 2025"
"comp_lendat_flt4mkt0_page2.png","Length comp data, whole catch, 4_ORWA_TWL (plot 1 of 2).<br><br>'N adj.' is the input sample size after data-weighting adjustment. N eff. is the calculated effective sample size used in the McAllister-Ianelli tuning method. (plot 2 of 2)",NA,"CompDat",2025-04-27 22:54:39.726943,"StartTime: Sun Apr 27 22:45:59 2025"
"comp_lendat_bubflt4mkt0_page2.png","Length comp data, whole catch, 4_ORWA_TWL (max=0.29) (plot 2 of 2)",NA,"CompDat",2025-04-27 22:54:39.726943,"StartTime: Sun Apr 27 22:45:59 2025"
"comp_lendat_data_weighting_TA1-8_4_ORWA_TWL.png","Mean length for 4_ORWA_TWL with 95% confidence intervals based on current sample sizes.",NA,"CompDat",2025-04-27 22:54:39.726943,"StartTime: Sun Apr 27 22:45:59 2025"
"comp_lendat_flt5mkt0_page1.png","Length comp data, whole catch, 5_ORWA_NONTWL (plot 1 of 2).<br><br>'N adj.' is the input sample size after data-weighting adjustment. N eff. is the calculated effective sample size used in the McAllister-Ianelli tuning method.",NA,"CompDat",2025-04-27 22:54:39.726943,"StartTime: Sun Apr 27 22:45:59 2025"
"comp_lendat_flt5mkt0_page2.png","Length comp data, whole catch, 5_ORWA_NONTWL (plot 1 of 2).<br><br>'N adj.' is the input sample size after data-weighting adjustment. N eff. is the calculated effective sample size used in the McAllister-Ianelli tuning method. (plot 2 of 2)",NA,"CompDat",2025-04-27 22:54:39.726943,"StartTime: Sun Apr 27 22:45:59 2025"
"comp_lendat_bubflt5mkt0_page2.png","Length comp data, whole catch, 5_ORWA_NONTWL (max=0.48) (plot 2 of 2)",NA,"CompDat",2025-04-27 22:54:39.726943,"StartTime: Sun Apr 27 22:45:59 2025"
"comp_lendat_data_weighting_TA1-8_5_ORWA_NONTWL.png","Mean length for 5_ORWA_NONTWL with 95% confidence intervals based on current sample sizes.",NA,"CompDat",2025-04-27 22:54:39.726943,"StartTime: Sun Apr 27 22:45:59 2025"
"comp_lendat_flt6mkt0_page1.png","Length comp data, whole catch, 6_OR_REC (plot 1 of 2).<br><br>'N adj.' is the input sample size after data-weighting adjustment. N eff. is the calculated effective sample size used in the McAllister-Ianelli tuning method.",NA,"CompDat",2025-04-27 22:54:39.726943,"StartTime: Sun Apr 27 22:45:59 2025"
"comp_lendat_flt6mkt0_page2.png","Length comp data, whole catch, 6_OR_REC (plot 1 of 2).<br><br>'N adj.' is the input sample size after data-weighting adjustment. N eff. is the calculated effective sample size used in the McAllister-Ianelli tuning method. (plot 2 of 2)",NA,"CompDat",2025-04-27 22:54:39.726943,"StartTime: Sun Apr 27 22:45:59 2025"
"comp_lendat_bubflt6mkt0_page2.png","Length comp data, whole catch, 6_OR_REC (max=0.65) (plot 2 of 2)",NA,"CompDat",2025-04-27 22:54:39.726943,"StartTime: Sun Apr 27 22:45:59 2025"
"comp_lendat_data_weighting_TA1-8_6_OR_REC.png","Mean length for 6_OR_REC with 95% confidence intervals based on current sample sizes.",NA,"CompDat",2025-04-27 22:54:39.726943,"StartTime: Sun Apr 27 22:45:59 2025"
"comp_lendat_flt7mkt0.png","Length comp data, whole catch, 7_WA_REC.<br><br>'N adj.' is the input sample size after data-weighting adjustment. N eff. is the calculated effective sample size used in the McAllister-Ianelli tuning method.",NA,"CompDat",2025-04-27 22:54:39.726943,"StartTime: Sun Apr 27 22:45:59 2025"
"comp_lendat_bubflt7mkt0.png","Length comp data, whole catch, 7_WA_REC (max=0.97)",NA,"CompDat",2025-04-27 22:54:39.726943,"StartTime: Sun Apr 27 22:45:59 2025"
"comp_lendat_data_weighting_TA1-8_7_WA_REC.png","Mean length for 7_WA_REC with 95% confidence intervals based on current sample sizes.",NA,"CompDat",2025-04-27 22:54:39.726943,"StartTime: Sun Apr 27 22:45:59 2025"
"comp_lendat_flt8mkt0_page1.png","Length comp data, whole catch, 8_CACPFV (plot 1 of 2).<br><br>'N adj.' is the input sample size after data-weighting adjustment. N eff. is the calculated effective sample size used in the McAllister-Ianelli tuning method.",NA,"CompDat",2025-04-27 22:54:39.726943,"StartTime: Sun Apr 27 22:45:59 2025"
"comp_lendat_flt8mkt0_page2.png","Length comp data, whole catch, 8_CACPFV (plot 1 of 2).<br><br>'N adj.' is the input sample size after data-weighting adjustment. N eff. is the calculated effective sample size used in the McAllister-Ianelli tuning method. (plot 2 of 2)",NA,"CompDat",2025-04-27 22:54:39.726943,"StartTime: Sun Apr 27 22:45:59 2025"
"comp_lendat_bubflt8mkt0_page2.png","Length comp data, whole catch, 8_CACPFV (max=0.48) (plot 2 of 2)",NA,"CompDat",2025-04-27 22:54:39.726943,"StartTime: Sun Apr 27 22:45:59 2025"
"comp_lendat_data_weighting_TA1-8_8_CACPFV.png","Mean length for 8_CACPFV with 95% confidence intervals based on current sample sizes.",NA,"CompDat",2025-04-27 22:54:39.726943,"StartTime: Sun Apr 27 22:45:59 2025"
"comp_lendat_flt9mkt0.png","Length comp data, whole catch, 9_OR_RECOB.<br><br>'N adj.' is the input sample size after data-weighting adjustment. N eff. is the calculated effective sample size used in the McAllister-Ianelli tuning method.",NA,"CompDat",2025-04-27 22:54:39.726943,"StartTime: Sun Apr 27 22:45:59 2025"
"comp_lendat_bubflt9mkt0.png","Length comp data, whole catch, 9_OR_RECOB (max=0.48)",NA,"CompDat",2025-04-27 22:54:39.726943,"StartTime: Sun Apr 27 22:45:59 2025"
"comp_lendat_data_weighting_TA1-8_9_OR_RECOB.png","Mean length for 9_OR_RECOB with 95% confidence intervals based on current sample sizes.",NA,"CompDat",2025-04-27 22:54:39.726943,"StartTime: Sun Apr 27 22:45:59 2025"
"comp_lendat_flt10mkt0.png","Length comp data, whole catch, 10_TRI_ORWA.<br><br>'N adj.' is the input sample size after data-weighting adjustment. N eff. is the calculated effective sample size used in the McAllister-Ianelli tuning method.",NA,"CompDat",2025-04-27 22:54:39.726943,"StartTime: Sun Apr 27 22:45:59 2025"
"comp_lendat_bubflt10mkt0.png","Length comp data, whole catch, 10_TRI_ORWA (max=0.21)",NA,"CompDat",2025-04-27 22:54:39.726943,"StartTime: Sun Apr 27 22:45:59 2025"
"comp_lendat_data_weighting_TA1-8_10_TRI_ORWA.png","Mean length for 10_TRI_ORWA with 95% confidence intervals based on current sample sizes.",NA,"CompDat",2025-04-27 22:54:39.726943,"StartTime: Sun Apr 27 22:45:59 2025"
"comp_lendat_flt11mkt0.png","Length comp data, whole catch, 11_NWFSC_ORWA.<br><br>'N adj.' is the input sample size after data-weighting adjustment. N eff. is the calculated effective sample size used in the McAllister-Ianelli tuning method.",NA,"CompDat",2025-04-27 22:54:39.726943,"StartTime: Sun Apr 27 22:45:59 2025"
"comp_lendat_bubflt11mkt0.png","Length comp data, whole catch, 11_NWFSC_ORWA (max=0.23)",NA,"CompDat",2025-04-27 22:54:39.726943,"StartTime: Sun Apr 27 22:45:59 2025"
"comp_lendat_data_weighting_TA1-8_11_NWFSC_ORWA.png","Mean length for 11_NWFSC_ORWA with 95% confidence intervals based on current sample sizes.",NA,"CompDat",2025-04-27 22:54:39.726943,"StartTime: Sun Apr 27 22:45:59 2025"
"comp_lendat_flt12mkt0.png","Length comp data, whole catch, 12_IPHC_ORWA.<br><br>'N adj.' is the input sample size after data-weighting adjustment. N eff. is the calculated effective sample size used in the McAllister-Ianelli tuning method.",NA,"CompDat",2025-04-27 22:54:39.726943,"StartTime: Sun Apr 27 22:45:59 2025"
"comp_lendat_bubflt12mkt0.png","Length comp data, whole catch, 12_IPHC_ORWA (max=0.21)",NA,"CompDat",2025-04-27 22:54:39.726943,"StartTime: Sun Apr 27 22:45:59 2025"
"comp_lendat_data_weighting_TA1-8_12_IPHC_ORWA.png","Mean length for 12_IPHC_ORWA with 95% confidence intervals based on current sample sizes.",NA,"CompDat",2025-04-27 22:54:39.726943,"StartTime: Sun Apr 27 22:45:59 2025"
"comp_gstagedat_flt2mkt0.png","Excluded age comp data, whole catch, 2_CA_NONTWL.<br><br>'N adj.' is the input sample size after data-weighting adjustment. N eff. is the calculated effective sample size used in the McAllister-Ianelli tuning method.",NA,"CompDat",2025-04-27 22:54:39.726943,"StartTime: Sun Apr 27 22:45:59 2025"
"comp_gstagedat_bubflt2mkt0.png","Excluded age comp data, whole catch, 2_CA_NONTWL (max=0.94)",NA,"CompDat",2025-04-27 22:54:39.726943,"StartTime: Sun Apr 27 22:45:59 2025"
"comp_gstagedat_flt3mkt0.png","Excluded age comp data, whole catch, 3_CA_REC.<br><br>'N adj.' is the input sample size after data-weighting adjustment. N eff. is the calculated effective sample size used in the McAllister-Ianelli tuning method.",NA,"CompDat",2025-04-27 22:54:39.726943,"StartTime: Sun Apr 27 22:45:59 2025"
"comp_gstagedat_bubflt3mkt0.png","Excluded age comp data, whole catch, 3_CA_REC (max=0.94)",NA,"CompDat",2025-04-27 22:54:39.726943,"StartTime: Sun Apr 27 22:45:59 2025"
"comp_gstagedat_flt4mkt0.png","Excluded age comp data, whole catch, 4_ORWA_TWL.<br><br>'N adj.' is the input sample size after data-weighting adjustment. N eff. is the calculated effective sample size used in the McAllister-Ianelli tuning method.",NA,"CompDat",2025-04-27 22:54:39.726943,"StartTime: Sun Apr 27 22:45:59 2025"
"comp_gstagedat_bubflt4mkt0.png","Excluded age comp data, whole catch, 4_ORWA_TWL (max=0.37)",NA,"CompDat",2025-04-27 22:54:39.726943,"StartTime: Sun Apr 27 22:45:59 2025"
"comp_gstagedat_flt5mkt0.png","Excluded age comp data, whole catch, 5_ORWA_NONTWL.<br><br>'N adj.' is the input sample size after data-weighting adjustment. N eff. is the calculated effective sample size used in the McAllister-Ianelli tuning method.",NA,"CompDat",2025-04-27 22:54:39.726943,"StartTime: Sun Apr 27 22:45:59 2025"
"comp_gstagedat_bubflt5mkt0.png","Excluded age comp data, whole catch, 5_ORWA_NONTWL (max=0.94)",NA,"CompDat",2025-04-27 22:54:39.726943,"StartTime: Sun Apr 27 22:45:59 2025"
"comp_gstagedat_flt6mkt0.png","Excluded age comp data, whole catch, 6_OR_REC.<br><br>'N adj.' is the input sample size after data-weighting adjustment. N eff. is the calculated effective sample size used in the McAllister-Ianelli tuning method.",NA,"CompDat",2025-04-27 22:54:39.726943,"StartTime: Sun Apr 27 22:45:59 2025"
"comp_gstagedat_bubflt6mkt0.png","Excluded age comp data, whole catch, 6_OR_REC (max=0.94)",NA,"CompDat",2025-04-27 22:54:39.726943,"StartTime: Sun Apr 27 22:45:59 2025"
"comp_gstagedat_flt7mkt0.png","Excluded age comp data, whole catch, 7_WA_REC.<br><br>'N adj.' is the input sample size after data-weighting adjustment. N eff. is the calculated effective sample size used in the McAllister-Ianelli tuning method.",NA,"CompDat",2025-04-27 22:54:39.726943,"StartTime: Sun Apr 27 22:45:59 2025"
"comp_gstagedat_bubflt7mkt0.png","Excluded age comp data, whole catch, 7_WA_REC (max=0.94)",NA,"CompDat",2025-04-27 22:54:39.726943,"StartTime: Sun Apr 27 22:45:59 2025"
"comp_gstagedat_flt11mkt0.png","Excluded age comp data, whole catch, 11_NWFSC_ORWA.<br><br>'N adj.' is the input sample size after data-weighting adjustment. N eff. is the calculated effective sample size used in the McAllister-Ianelli tuning method.",NA,"CompDat",2025-04-27 22:54:39.726943,"StartTime: Sun Apr 27 22:45:59 2025"
"comp_gstagedat_bubflt11mkt0.png","Excluded age comp data, whole catch, 11_NWFSC_ORWA (max=0.16)",NA,"CompDat",2025-04-27 22:54:39.726943,"StartTime: Sun Apr 27 22:45:59 2025"
"comp_gstagedat_flt12mkt0.png","Excluded age comp data, whole catch, 12_IPHC_ORWA.<br><br>'N adj.' is the input sample size after data-weighting adjustment. N eff. is the calculated effective sample size used in the McAllister-Ianelli tuning method.",NA,"CompDat",2025-04-27 22:54:39.726943,"StartTime: Sun Apr 27 22:45:59 2025"
"comp_gstagedat_bubflt12mkt0.png","Excluded age comp data, whole catch, 12_IPHC_ORWA (max=0.19)",NA,"CompDat",2025-04-27 22:54:39.726943,"StartTime: Sun Apr 27 22:45:59 2025"
"comp_condAALdat_bubflt2mkt0.png","Conditional age-at-length data, whole catch, 2_CA_NONTWL (max=0.94)",NA,"CompDat",2025-04-27 22:54:39.726943,"StartTime: Sun Apr 27 22:45:59 2025"
"comp_condAALdat_bubflt3mkt0.png","Conditional age-at-length data, whole catch, 3_CA_REC (max=0.94)",NA,"CompDat",2025-04-27 22:54:39.726943,"StartTime: Sun Apr 27 22:45:59 2025"
"comp_condAALdat_bubflt4mkt0.png","Conditional age-at-length data, whole catch, 4_ORWA_TWL (max=0.94)",NA,"CompDat",2025-04-27 22:54:39.726943,"StartTime: Sun Apr 27 22:45:59 2025"
"comp_condAALdat_bubflt5mkt0.png","Conditional age-at-length data, whole catch, 5_ORWA_NONTWL (max=0.94)",NA,"CompDat",2025-04-27 22:54:39.726943,"StartTime: Sun Apr 27 22:45:59 2025"
"comp_condAALdat_bubflt6mkt0_page1.png","Conditional age-at-length data, whole catch, 6_OR_REC (max=0.94) (plot 1 of 2)",NA,"CompDat",2025-04-27 22:54:39.726943,"StartTime: Sun Apr 27 22:45:59 2025"
"comp_condAALdat_bubflt6mkt0_page2.png","Conditional age-at-length data, whole catch, 6_OR_REC (max=0.94) (plot 2 of 2)",NA,"CompDat",2025-04-27 22:54:39.726943,"StartTime: Sun Apr 27 22:45:59 2025"
"comp_condAALdat_bubflt7mkt0.png","Conditional age-at-length data, whole catch, 7_WA_REC (max=0.94)",NA,"CompDat",2025-04-27 22:54:39.726943,"StartTime: Sun Apr 27 22:45:59 2025"
"comp_condAALdat_bubflt11mkt0.png","Conditional age-at-length data, whole catch, 11_NWFSC_ORWA (max=0.94)",NA,"CompDat",2025-04-27 22:54:39.726943,"StartTime: Sun Apr 27 22:45:59 2025"
"comp_condAALdat_bubflt12mkt0.png","Conditional age-at-length data, whole catch, 12_IPHC_ORWA (max=0.94)",NA,"CompDat",2025-04-27 22:54:39.726943,"StartTime: Sun Apr 27 22:45:59 2025"
"comp_lenfit__aggregated_across_time.png","Length comps, aggregated across time by fleet.
 <br> Labels 'retained' and 'discard' indicate discarded or retained sampled for each fleet. Panels without this designation represent the whole catch.
",NA,"LenComp",2025-04-27 22:54:39.726943,"StartTime: Sun Apr 27 22:45:59 2025"
"comp_lenfit__page1_multi-fleet_comparison.png","Pearson residuals,  comparing across fleets (plot 1 of 2) <br> 
Closed bubbles are positive residuals (observed > expected) and open bubbles are negative residuals (observed < expected).",NA,"LenComp",2025-04-27 22:54:39.726943,"StartTime: Sun Apr 27 22:45:59 2025"
"comp_lenfit__page2_multi-fleet_comparison.png","Pearson residuals,  comparing across fleets (plot 2 of 2)",NA,"LenComp",2025-04-27 22:54:39.726943,"StartTime: Sun Apr 27 22:45:59 2025"
"comp_lenfit_flt1mkt0_page1.png","Length comps, whole catch, 1_CA_TWL (plot 1 of 2).<br><br>'N adj.' is the input sample size after data-weighting adjustment. N eff. is the calculated effective sample size used in the McAllister-Ianelli tuning method.",NA,"LenComp",2025-04-27 22:54:39.726943,"StartTime: Sun Apr 27 22:45:59 2025"
"comp_lenfit_flt1mkt0_page2.png","Length comps, whole catch, 1_CA_TWL (plot 1 of 2).<br><br>'N adj.' is the input sample size after data-weighting adjustment. N eff. is the calculated effective sample size used in the McAllister-Ianelli tuning method. (plot 2 of 2)",NA,"LenComp",2025-04-27 22:54:39.726943,"StartTime: Sun Apr 27 22:45:59 2025"
"comp_lenfit_residsflt1mkt0_page2.png","Pearson residuals, whole catch, 1_CA_TWL (max=7.47) (plot 2 of 2) <br> 
Closed bubbles are positive residuals (observed > expected) and open bubbles are negative residuals (observed < expected).",NA,"LenComp",2025-04-27 22:54:39.726943,"StartTime: Sun Apr 27 22:45:59 2025"
"comp_lenfit_sampsize_flt1mkt0.png","N-EffN comparison, Length comps, whole catch, 1_CA_TWL",NA,"LenComp",2025-04-27 22:54:39.726943,"StartTime: Sun Apr 27 22:45:59 2025"
"comp_lenfit_data_weighting_TA1-8_1_CA_TWL.png","Mean length for 1_CA_TWL with 95% confidence intervals based on current sample sizes.<br>Francis data weighting method TA1.8: thinner intervals (with capped ends) show result of further adjusting sample sizes based on suggested multiplier (with 95% interval) for len data from 1_CA_TWL:<br>0.5716 (0.3831-1.1268) <br>For more info, see  <a href=https://doi.org/10.1139/f2011-025> Francis (2011)</a>.",NA,"LenComp",2025-04-27 22:54:39.726943,"StartTime: Sun Apr 27 22:45:59 2025"
"comp_lenfit_flt2mkt0_page1.png","Length comps, whole catch, 2_CA_NONTWL (plot 1 of 2).<br><br>'N adj.' is the input sample size after data-weighting adjustment. N eff. is the calculated effective sample size used in the McAllister-Ianelli tuning method.",NA,"LenComp",2025-04-27 22:54:39.726943,"StartTime: Sun Apr 27 22:45:59 2025"
"comp_lenfit_flt2mkt0_page2.png","Length comps, whole catch, 2_CA_NONTWL (plot 1 of 2).<br><br>'N adj.' is the input sample size after data-weighting adjustment. N eff. is the calculated effective sample size used in the McAllister-Ianelli tuning method. (plot 2 of 2)",NA,"LenComp",2025-04-27 22:54:39.726943,"StartTime: Sun Apr 27 22:45:59 2025"
"comp_lenfit_residsflt2mkt0_page2.png","Pearson residuals, whole catch, 2_CA_NONTWL (max=3.74) (plot 2 of 2) <br> 
Closed bubbles are positive residuals (observed > expected) and open bubbles are negative residuals (observed < expected).",NA,"LenComp",2025-04-27 22:54:39.726943,"StartTime: Sun Apr 27 22:45:59 2025"
"comp_lenfit_sampsize_flt2mkt0.png","N-EffN comparison, Length comps, whole catch, 2_CA_NONTWL",NA,"LenComp",2025-04-27 22:54:39.726943,"StartTime: Sun Apr 27 22:45:59 2025"
"comp_lenfit_data_weighting_TA1-8_2_CA_NONTWL.png","Mean length for 2_CA_NONTWL with 95% confidence intervals based on current sample sizes.<br>Francis data weighting method TA1.8: thinner intervals (with capped ends) show result of further adjusting sample sizes based on suggested multiplier (with 95% interval) for len data from 2_CA_NONTWL:<br>0.936 (0.6242-1.65) <br>For more info, see  <a href=https://doi.org/10.1139/f2011-025> Francis (2011)</a>.",NA,"LenComp",2025-04-27 22:54:39.726943,"StartTime: Sun Apr 27 22:45:59 2025"
"comp_lenfit_flt3mkt0_page1.png","Length comps, whole catch, 3_CA_REC (plot 1 of 2).<br><br>'N adj.' is the input sample size after data-weighting adjustment. N eff. is the calculated effective sample size used in the McAllister-Ianelli tuning method.",NA,"LenComp",2025-04-27 22:54:39.726943,"StartTime: Sun Apr 27 22:45:59 2025"
"comp_lenfit_flt3mkt0_page2.png","Length comps, whole catch, 3_CA_REC (plot 1 of 2).<br><br>'N adj.' is the input sample size after data-weighting adjustment. N eff. is the calculated effective sample size used in the McAllister-Ianelli tuning method. (plot 2 of 2)",NA,"LenComp",2025-04-27 22:54:39.726943,"StartTime: Sun Apr 27 22:45:59 2025"
"comp_lenfit_residsflt3mkt0_page2.png","Pearson residuals, whole catch, 3_CA_REC (max=5) (plot 2 of 2) <br> 
Closed bubbles are positive residuals (observed > expected) and open bubbles are negative residuals (observed < expected).",NA,"LenComp",2025-04-27 22:54:39.726943,"StartTime: Sun Apr 27 22:45:59 2025"
"comp_lenfit_sampsize_flt3mkt0.png","N-EffN comparison, Length comps, whole catch, 3_CA_REC",NA,"LenComp",2025-04-27 22:54:39.726943,"StartTime: Sun Apr 27 22:45:59 2025"
"comp_lenfit_data_weighting_TA1-8_3_CA_REC.png","Mean length for 3_CA_REC with 95% confidence intervals based on current sample sizes.<br>Francis data weighting method TA1.8: thinner intervals (with capped ends) show result of further adjusting sample sizes based on suggested multiplier (with 95% interval) for len data from 3_CA_REC:<br>1.0173 (0.6942-1.7561) <br>For more info, see  <a href=https://doi.org/10.1139/f2011-025> Francis (2011)</a>.",NA,"LenComp",2025-04-27 22:54:39.726943,"StartTime: Sun Apr 27 22:45:59 2025"
"comp_lenfit_flt4mkt0_page1.png","Length comps, whole catch, 4_ORWA_TWL (plot 1 of 2).<br><br>'N adj.' is the input sample size after data-weighting adjustment. N eff. is the calculated effective sample size used in the McAllister-Ianelli tuning method.",NA,"LenComp",2025-04-27 22:54:39.726943,"StartTime: Sun Apr 27 22:45:59 2025"
"comp_lenfit_flt4mkt0_page2.png","Length comps, whole catch, 4_ORWA_TWL (plot 1 of 2).<br><br>'N adj.' is the input sample size after data-weighting adjustment. N eff. is the calculated effective sample size used in the McAllister-Ianelli tuning method. (plot 2 of 2)",NA,"LenComp",2025-04-27 22:54:39.726943,"StartTime: Sun Apr 27 22:45:59 2025"
"comp_lenfit_residsflt4mkt0_page2.png","Pearson residuals, whole catch, 4_ORWA_TWL (max=3.84) (plot 2 of 2) <br> 
Closed bubbles are positive residuals (observed > expected) and open bubbles are negative residuals (observed < expected).",NA,"LenComp",2025-04-27 22:54:39.726943,"StartTime: Sun Apr 27 22:45:59 2025"
"comp_lenfit_sampsize_flt4mkt0.png","N-EffN comparison, Length comps, whole catch, 4_ORWA_TWL",NA,"LenComp",2025-04-27 22:54:39.726943,"StartTime: Sun Apr 27 22:45:59 2025"
"comp_lenfit_data_weighting_TA1-8_4_ORWA_TWL.png","Mean length for 4_ORWA_TWL with 95% confidence intervals based on current sample sizes.<br>Francis data weighting method TA1.8: thinner intervals (with capped ends) show result of further adjusting sample sizes based on suggested multiplier (with 95% interval) for len data from 4_ORWA_TWL:<br>1.0739 (0.7106-2.2735) <br>For more info, see  <a href=https://doi.org/10.1139/f2011-025> Francis (2011)</a>.",NA,"LenComp",2025-04-27 22:54:39.726943,"StartTime: Sun Apr 27 22:45:59 2025"
"comp_lenfit_flt5mkt0_page1.png","Length comps, whole catch, 5_ORWA_NONTWL (plot 1 of 2).<br><br>'N adj.' is the input sample size after data-weighting adjustment. N eff. is the calculated effective sample size used in the McAllister-Ianelli tuning method.",NA,"LenComp",2025-04-27 22:54:39.726943,"StartTime: Sun Apr 27 22:45:59 2025"
"comp_lenfit_flt5mkt0_page2.png","Length comps, whole catch, 5_ORWA_NONTWL (plot 1 of 2).<br><br>'N adj.' is the input sample size after data-weighting adjustment. N eff. is the calculated effective sample size used in the McAllister-Ianelli tuning method. (plot 2 of 2)",NA,"LenComp",2025-04-27 22:54:39.726943,"StartTime: Sun Apr 27 22:45:59 2025"
"comp_lenfit_residsflt5mkt0_page2.png","Pearson residuals, whole catch, 5_ORWA_NONTWL (max=2.57) (plot 2 of 2) <br> 
Closed bubbles are positive residuals (observed > expected) and open bubbles are negative residuals (observed < expected).",NA,"LenComp",2025-04-27 22:54:39.726943,"StartTime: Sun Apr 27 22:45:59 2025"
"comp_lenfit_sampsize_flt5mkt0.png","N-EffN comparison, Length comps, whole catch, 5_ORWA_NONTWL",NA,"LenComp",2025-04-27 22:54:39.726943,"StartTime: Sun Apr 27 22:45:59 2025"
"comp_lenfit_data_weighting_TA1-8_5_ORWA_NONTWL.png","Mean length for 5_ORWA_NONTWL with 95% confidence intervals based on current sample sizes.<br>Francis data weighting method TA1.8: thinner intervals (with capped ends) show result of further adjusting sample sizes based on suggested multiplier (with 95% interval) for len data from 5_ORWA_NONTWL:<br>0.8693 (0.6302-1.4425) <br>For more info, see  <a href=https://doi.org/10.1139/f2011-025> Francis (2011)</a>.",NA,"LenComp",2025-04-27 22:54:39.726943,"StartTime: Sun Apr 27 22:45:59 2025"
"comp_lenfit_flt6mkt0_page1.png","Length comps, whole catch, 6_OR_REC (plot 1 of 2).<br><br>'N adj.' is the input sample size after data-weighting adjustment. N eff. is the calculated effective sample size used in the McAllister-Ianelli tuning method.",NA,"LenComp",2025-04-27 22:54:39.726943,"StartTime: Sun Apr 27 22:45:59 2025"
"comp_lenfit_flt6mkt0_page2.png","Length comps, whole catch, 6_OR_REC (plot 1 of 2).<br><br>'N adj.' is the input sample size after data-weighting adjustment. N eff. is the calculated effective sample size used in the McAllister-Ianelli tuning method. (plot 2 of 2)",NA,"LenComp",2025-04-27 22:54:39.726943,"StartTime: Sun Apr 27 22:45:59 2025"
"comp_lenfit_residsflt6mkt0_page2.png","Pearson residuals, whole catch, 6_OR_REC (max=5.1) (plot 2 of 2) <br> 
Closed bubbles are positive residuals (observed > expected) and open bubbles are negative residuals (observed < expected).",NA,"LenComp",2025-04-27 22:54:39.726943,"StartTime: Sun Apr 27 22:45:59 2025"
"comp_lenfit_sampsize_flt6mkt0.png","N-EffN comparison, Length comps, whole catch, 6_OR_REC",NA,"LenComp",2025-04-27 22:54:39.726943,"StartTime: Sun Apr 27 22:45:59 2025"
"comp_lenfit_data_weighting_TA1-8_6_OR_REC.png","Mean length for 6_OR_REC with 95% confidence intervals based on current sample sizes.<br>Francis data weighting method TA1.8: thinner intervals (with capped ends) show result of further adjusting sample sizes based on suggested multiplier (with 95% interval) for len data from 6_OR_REC:<br>0.9435 (0.7087-1.4612) <br>For more info, see  <a href=https://doi.org/10.1139/f2011-025> Francis (2011)</a>.",NA,"LenComp",2025-04-27 22:54:39.726943,"StartTime: Sun Apr 27 22:45:59 2025"
"comp_lenfit_flt7mkt0.png","Length comps, whole catch, 7_WA_REC.<br><br>'N adj.' is the input sample size after data-weighting adjustment. N eff. is the calculated effective sample size used in the McAllister-Ianelli tuning method.",NA,"LenComp",2025-04-27 22:54:39.726943,"StartTime: Sun Apr 27 22:45:59 2025"
"comp_lenfit_residsflt7mkt0.png","Pearson residuals, whole catch, 7_WA_REC (max=20.43) <br> 
Closed bubbles are positive residuals (observed > expected) and open bubbles are negative residuals (observed < expected).",NA,"LenComp",2025-04-27 22:54:39.726943,"StartTime: Sun Apr 27 22:45:59 2025"
"comp_lenfit_sampsize_flt7mkt0.png","N-EffN comparison, Length comps, whole catch, 7_WA_REC",NA,"LenComp",2025-04-27 22:54:39.726943,"StartTime: Sun Apr 27 22:45:59 2025"
"comp_lenfit_data_weighting_TA1-8_7_WA_REC.png","Mean length for 7_WA_REC with 95% confidence intervals based on current sample sizes.<br>Francis data weighting method TA1.8: thinner intervals (with capped ends) show result of further adjusting sample sizes based on suggested multiplier (with 95% interval) for len data from 7_WA_REC:<br>0.9736 (0.6972-1.7204) <br>For more info, see  <a href=https://doi.org/10.1139/f2011-025> Francis (2011)</a>.",NA,"LenComp",2025-04-27 22:54:39.726943,"StartTime: Sun Apr 27 22:45:59 2025"
"comp_lenfit_flt8mkt0_page1.png","Length comps, whole catch, 8_CACPFV (plot 1 of 2).<br><br>'N adj.' is the input sample size after data-weighting adjustment. N eff. is the calculated effective sample size used in the McAllister-Ianelli tuning method.",NA,"LenComp",2025-04-27 22:54:39.726943,"StartTime: Sun Apr 27 22:45:59 2025"
"comp_lenfit_flt8mkt0_page2.png","Length comps, whole catch, 8_CACPFV (plot 1 of 2).<br><br>'N adj.' is the input sample size after data-weighting adjustment. N eff. is the calculated effective sample size used in the McAllister-Ianelli tuning method. (plot 2 of 2)",NA,"LenComp",2025-04-27 22:54:39.726943,"StartTime: Sun Apr 27 22:45:59 2025"
"comp_lenfit_residsflt8mkt0_page2.png","Pearson residuals, whole catch, 8_CACPFV (max=3.84) (plot 2 of 2) <br> 
Closed bubbles are positive residuals (observed > expected) and open bubbles are negative residuals (observed < expected).",NA,"LenComp",2025-04-27 22:54:39.726943,"StartTime: Sun Apr 27 22:45:59 2025"
"comp_lenfit_sampsize_flt8mkt0.png","N-EffN comparison, Length comps, whole catch, 8_CACPFV",NA,"LenComp",2025-04-27 22:54:39.726943,"StartTime: Sun Apr 27 22:45:59 2025"
"comp_lenfit_data_weighting_TA1-8_8_CACPFV.png","Mean length for 8_CACPFV with 95% confidence intervals based on current sample sizes.<br>Francis data weighting method TA1.8: thinner intervals (with capped ends) show result of further adjusting sample sizes based on suggested multiplier (with 95% interval) for len data from 8_CACPFV:<br>1.1437 (0.7554-2.1521) <br>For more info, see  <a href=https://doi.org/10.1139/f2011-025> Francis (2011)</a>.",NA,"LenComp",2025-04-27 22:54:39.726943,"StartTime: Sun Apr 27 22:45:59 2025"
"comp_lenfit_flt9mkt0.png","Length comps, whole catch, 9_OR_RECOB.<br><br>'N adj.' is the input sample size after data-weighting adjustment. N eff. is the calculated effective sample size used in the McAllister-Ianelli tuning method.",NA,"LenComp",2025-04-27 22:54:39.726943,"StartTime: Sun Apr 27 22:45:59 2025"
"comp_lenfit_residsflt9mkt0.png","Pearson residuals, whole catch, 9_OR_RECOB (max=4.32) <br> 
Closed bubbles are positive residuals (observed > expected) and open bubbles are negative residuals (observed < expected).",NA,"LenComp",2025-04-27 22:54:39.726943,"StartTime: Sun Apr 27 22:45:59 2025"
"comp_lenfit_sampsize_flt9mkt0.png","N-EffN comparison, Length comps, whole catch, 9_OR_RECOB",NA,"LenComp",2025-04-27 22:54:39.726943,"StartTime: Sun Apr 27 22:45:59 2025"
"comp_lenfit_data_weighting_TA1-8_9_OR_RECOB.png","Mean length for 9_OR_RECOB with 95% confidence intervals based on current sample sizes.<br>Francis data weighting method TA1.8: thinner intervals (with capped ends) show result of further adjusting sample sizes based on suggested multiplier (with 95% interval) for len data from 9_OR_RECOB:<br>0.8838 (0.5827-2.0138) <br>For more info, see  <a href=https://doi.org/10.1139/f2011-025> Francis (2011)</a>.",NA,"LenComp",2025-04-27 22:54:39.726943,"StartTime: Sun Apr 27 22:45:59 2025"
"comp_lenfit_flt10mkt0.png","Length comps, whole catch, 10_TRI_ORWA.<br><br>'N adj.' is the input sample size after data-weighting adjustment. N eff. is the calculated effective sample size used in the McAllister-Ianelli tuning method.",NA,"LenComp",2025-04-27 22:54:39.726943,"StartTime: Sun Apr 27 22:45:59 2025"
"comp_lenfit_residsflt10mkt0.png","Pearson residuals, whole catch, 10_TRI_ORWA (max=4.8) <br> 
Closed bubbles are positive residuals (observed > expected) and open bubbles are negative residuals (observed < expected).",NA,"LenComp",2025-04-27 22:54:39.726943,"StartTime: Sun Apr 27 22:45:59 2025"
"comp_lenfit_sampsize_flt10mkt0.png","N-EffN comparison, Length comps, whole catch, 10_TRI_ORWA",NA,"LenComp",2025-04-27 22:54:39.726943,"StartTime: Sun Apr 27 22:45:59 2025"
"comp_lenfit_data_weighting_TA1-8_10_TRI_ORWA.png","Mean length for 10_TRI_ORWA with 95% confidence intervals based on current sample sizes.<br>Francis data weighting method TA1.8: thinner intervals (with capped ends) show result of further adjusting sample sizes based on suggested multiplier (with 95% interval) for len data from 10_TRI_ORWA:<br>0.9968 (0.5199-23.8168) <br>For more info, see  <a href=https://doi.org/10.1139/f2011-025> Francis (2011)</a>.",NA,"LenComp",2025-04-27 22:54:39.726943,"StartTime: Sun Apr 27 22:45:59 2025"
"comp_lenfit_flt11mkt0.png","Length comps, whole catch, 11_NWFSC_ORWA.<br><br>'N adj.' is the input sample size after data-weighting adjustment. N eff. is the calculated effective sample size used in the McAllister-Ianelli tuning method.",NA,"LenComp",2025-04-27 22:54:39.726943,"StartTime: Sun Apr 27 22:45:59 2025"
"comp_lenfit_residsflt11mkt0.png","Pearson residuals, whole catch, 11_NWFSC_ORWA (max=2.74) <br> 
Closed bubbles are positive residuals (observed > expected) and open bubbles are negative residuals (observed < expected).",NA,"LenComp",2025-04-27 22:54:39.726943,"StartTime: Sun Apr 27 22:45:59 2025"
"comp_lenfit_sampsize_flt11mkt0.png","N-EffN comparison, Length comps, whole catch, 11_NWFSC_ORWA",NA,"LenComp",2025-04-27 22:54:39.726943,"StartTime: Sun Apr 27 22:45:59 2025"
"comp_lenfit_data_weighting_TA1-8_11_NWFSC_ORWA.png","Mean length for 11_NWFSC_ORWA with 95% confidence intervals based on current sample sizes.<br>Francis data weighting method TA1.8: thinner intervals (with capped ends) show result of further adjusting sample sizes based on suggested multiplier (with 95% interval) for len data from 11_NWFSC_ORWA:<br>1.0773 (0.5589-7.0478) <br>For more info, see  <a href=https://doi.org/10.1139/f2011-025> Francis (2011)</a>.",NA,"LenComp",2025-04-27 22:54:39.726943,"StartTime: Sun Apr 27 22:45:59 2025"
"comp_lenfit_flt12mkt0.png","Length comps, whole catch, 12_IPHC_ORWA.<br><br>'N adj.' is the input sample size after data-weighting adjustment. N eff. is the calculated effective sample size used in the McAllister-Ianelli tuning method.",NA,"LenComp",2025-04-27 22:54:39.726943,"StartTime: Sun Apr 27 22:45:59 2025"
"comp_lenfit_residsflt12mkt0.png","Pearson residuals, whole catch, 12_IPHC_ORWA (max=1.87) <br> 
Closed bubbles are positive residuals (observed > expected) and open bubbles are negative residuals (observed < expected).",NA,"LenComp",2025-04-27 22:54:39.726943,"StartTime: Sun Apr 27 22:45:59 2025"
"comp_lenfit_sampsize_flt12mkt0.png","N-EffN comparison, Length comps, whole catch, 12_IPHC_ORWA",NA,"LenComp",2025-04-27 22:54:39.726943,"StartTime: Sun Apr 27 22:45:59 2025"
"comp_lenfit_data_weighting_TA1-8_12_IPHC_ORWA.png","Mean length for 12_IPHC_ORWA with 95% confidence intervals based on current sample sizes.<br>Francis data weighting method TA1.8: thinner intervals (with capped ends) show result of further adjusting sample sizes based on suggested multiplier (with 95% interval) for len data from 12_IPHC_ORWA:<br>1.0524 (0.539-3.5162) <br>For more info, see  <a href=https://doi.org/10.1139/f2011-025> Francis (2011)</a>.",NA,"LenComp",2025-04-27 22:54:39.726943,"StartTime: Sun Apr 27 22:45:59 2025"
"comp_gstagefit_flt2mkt0.png","Excluded age comps, whole catch, 2_CA_NONTWL.<br><br>'N adj.' is the input sample size after data-weighting adjustment. N eff. is the calculated effective sample size used in the McAllister-Ianelli tuning method.",NA,"AgeComp",2025-04-27 22:54:39.726943,"StartTime: Sun Apr 27 22:45:59 2025"
"comp_gstagefit_residsflt2mkt0.png","Pearson residuals, whole catch, 2_CA_NONTWL (max=NA) <br> 
Closed bubbles are positive residuals (observed > expected) and open bubbles are negative residuals (observed < expected).",NA,"AgeComp",2025-04-27 22:54:39.726943,"StartTime: Sun Apr 27 22:45:59 2025"
"comp_gstagefit_flt3mkt0.png","Excluded age comps, whole catch, 3_CA_REC.<br><br>'N adj.' is the input sample size after data-weighting adjustment. N eff. is the calculated effective sample size used in the McAllister-Ianelli tuning method.",NA,"AgeComp",2025-04-27 22:54:39.726943,"StartTime: Sun Apr 27 22:45:59 2025"
"comp_gstagefit_residsflt3mkt0.png","Pearson residuals, whole catch, 3_CA_REC (max=NA) <br> 
Closed bubbles are positive residuals (observed > expected) and open bubbles are negative residuals (observed < expected).",NA,"AgeComp",2025-04-27 22:54:39.726943,"StartTime: Sun Apr 27 22:45:59 2025"
"comp_gstagefit_flt4mkt0.png","Excluded age comps, whole catch, 4_ORWA_TWL.<br><br>'N adj.' is the input sample size after data-weighting adjustment. N eff. is the calculated effective sample size used in the McAllister-Ianelli tuning method.",NA,"AgeComp",2025-04-27 22:54:39.726943,"StartTime: Sun Apr 27 22:45:59 2025"
"comp_gstagefit_residsflt4mkt0.png","Pearson residuals, whole catch, 4_ORWA_TWL (max=NA) <br> 
Closed bubbles are positive residuals (observed > expected) and open bubbles are negative residuals (observed < expected).",NA,"AgeComp",2025-04-27 22:54:39.726943,"StartTime: Sun Apr 27 22:45:59 2025"
"comp_gstagefit_flt5mkt0.png","Excluded age comps, whole catch, 5_ORWA_NONTWL.<br><br>'N adj.' is the input sample size after data-weighting adjustment. N eff. is the calculated effective sample size used in the McAllister-Ianelli tuning method.",NA,"AgeComp",2025-04-27 22:54:39.726943,"StartTime: Sun Apr 27 22:45:59 2025"
"comp_gstagefit_residsflt5mkt0.png","Pearson residuals, whole catch, 5_ORWA_NONTWL (max=NA) <br> 
Closed bubbles are positive residuals (observed > expected) and open bubbles are negative residuals (observed < expected).",NA,"AgeComp",2025-04-27 22:54:39.726943,"StartTime: Sun Apr 27 22:45:59 2025"
"comp_gstagefit_flt6mkt0.png","Excluded age comps, whole catch, 6_OR_REC.<br><br>'N adj.' is the input sample size after data-weighting adjustment. N eff. is the calculated effective sample size used in the McAllister-Ianelli tuning method.",NA,"AgeComp",2025-04-27 22:54:39.726943,"StartTime: Sun Apr 27 22:45:59 2025"
"comp_gstagefit_residsflt6mkt0.png","Pearson residuals, whole catch, 6_OR_REC (max=NA) <br> 
Closed bubbles are positive residuals (observed > expected) and open bubbles are negative residuals (observed < expected).",NA,"AgeComp",2025-04-27 22:54:39.726943,"StartTime: Sun Apr 27 22:45:59 2025"
"comp_gstagefit_flt7mkt0.png","Excluded age comps, whole catch, 7_WA_REC.<br><br>'N adj.' is the input sample size after data-weighting adjustment. N eff. is the calculated effective sample size used in the McAllister-Ianelli tuning method.",NA,"AgeComp",2025-04-27 22:54:39.726943,"StartTime: Sun Apr 27 22:45:59 2025"
"comp_gstagefit_residsflt7mkt0.png","Pearson residuals, whole catch, 7_WA_REC (max=NA) <br> 
Closed bubbles are positive residuals (observed > expected) and open bubbles are negative residuals (observed < expected).",NA,"AgeComp",2025-04-27 22:54:39.726943,"StartTime: Sun Apr 27 22:45:59 2025"
"comp_gstagefit_flt11mkt0.png","Excluded age comps, whole catch, 11_NWFSC_ORWA.<br><br>'N adj.' is the input sample size after data-weighting adjustment. N eff. is the calculated effective sample size used in the McAllister-Ianelli tuning method.",NA,"AgeComp",2025-04-27 22:54:39.726943,"StartTime: Sun Apr 27 22:45:59 2025"
"comp_gstagefit_residsflt11mkt0.png","Pearson residuals, whole catch, 11_NWFSC_ORWA (max=NA) <br> 
Closed bubbles are positive residuals (observed > expected) and open bubbles are negative residuals (observed < expected).",NA,"AgeComp",2025-04-27 22:54:39.726943,"StartTime: Sun Apr 27 22:45:59 2025"
"comp_gstagefit_flt12mkt0.png","Excluded age comps, whole catch, 12_IPHC_ORWA.<br><br>'N adj.' is the input sample size after data-weighting adjustment. N eff. is the calculated effective sample size used in the McAllister-Ianelli tuning method.",NA,"AgeComp",2025-04-27 22:54:39.726943,"StartTime: Sun Apr 27 22:45:59 2025"
"comp_gstagefit_residsflt12mkt0.png","Pearson residuals, whole catch, 12_IPHC_ORWA (max=NA) <br> 
Closed bubbles are positive residuals (observed > expected) and open bubbles are negative residuals (observed < expected).",NA,"AgeComp",2025-04-27 22:54:39.726943,"StartTime: Sun Apr 27 22:45:59 2025"
"comp_condAALfit_residsflt2mkt0.png","Pearson residuals, whole catch, 2_CA_NONTWL (max=16.13)",NA,"A@LComp",2025-04-27 22:54:39.726943,"StartTime: Sun Apr 27 22:45:59 2025"
"comp_condAALfit_residsflt3mkt0.png","Pearson residuals, whole catch, 3_CA_REC (max=33.11)",NA,"A@LComp",2025-04-27 22:54:39.726943,"StartTime: Sun Apr 27 22:45:59 2025"
"comp_condAALfit_residsflt4mkt0.png","Pearson residuals, whole catch, 4_ORWA_TWL (max=24.04)",NA,"A@LComp",2025-04-27 22:54:39.726943,"StartTime: Sun Apr 27 22:45:59 2025"
"comp_condAALfit_residsflt5mkt0.png","Pearson residuals, whole catch, 5_ORWA_NONTWL (max=12.05)",NA,"A@LComp",2025-04-27 22:54:39.726943,"StartTime: Sun Apr 27 22:45:59 2025"
"comp_condAALfit_residsflt6mkt0_page1.png","Pearson residuals, whole catch, 6_OR_REC (max=26.05) (plot 1 of 2)",NA,"A@LComp",2025-04-27 22:54:39.726943,"StartTime: Sun Apr 27 22:45:59 2025"
"comp_condAALfit_residsflt6mkt0_page2.png","Pearson residuals, whole catch, 6_OR_REC (max=26.05) (plot 2 of 2)",NA,"A@LComp",2025-04-27 22:54:39.726943,"StartTime: Sun Apr 27 22:45:59 2025"
"comp_condAALfit_residsflt7mkt0.png","Pearson residuals, whole catch, 7_WA_REC (max=23.74)",NA,"A@LComp",2025-04-27 22:54:39.726943,"StartTime: Sun Apr 27 22:45:59 2025"
"comp_condAALfit_residsflt11mkt0.png","Pearson residuals, whole catch, 11_NWFSC_ORWA (max=21.66)",NA,"A@LComp",2025-04-27 22:54:39.726943,"StartTime: Sun Apr 27 22:45:59 2025"
"comp_condAALfit_residsflt12mkt0.png","Pearson residuals, whole catch, 12_IPHC_ORWA (max=6.7)",NA,"A@LComp",2025-04-27 22:54:39.726943,"StartTime: Sun Apr 27 22:45:59 2025"
"comp_condAALfit_data_weighting_TA1-8_condAge2_CA_NONTWL.png","Mean age from conditional data (aggregated across length bins) for 2_CA_NONTWL with 95% confidence intervals  based on current samples sizes.<br>Francis data weighting method TA1.8: thinner intervals (with capped ends) show result of further adjusting sample sizes based on suggested multiplier (with 95% interval) for conditional age-at-length data from 2_CA_NONTWL:<br>1.0053 (0.5298-10.0648) <br>For more info, see  <a href=https://doi.org/10.1139/f2011-025> Francis (2011)</a> and  <a href=https://doi.org/10.1016/j.fishres.2015.12.006> Punt (2017)</a>.",NA,"A@LComp",2025-04-27 22:54:39.726943,"StartTime: Sun Apr 27 22:45:59 2025"
"comp_condAALfit_Andre_plotsflt2mkt0_page1.png","Conditional AAL plot, whole catch, 2_CA_NONTWL (plot 1 of 3)
These plots show mean age and std. dev. in conditional A@L.<br>Left plots are mean A@L by size-class (obs. and exp.) with 90% CIs based on adding 1.64 SE of mean to the data.<br>Right plots in each pair are SE of mean A@L (obs. and exp.) with 90% CIs based on the chi-square distribution.",NA,"A@LComp",2025-04-27 22:54:39.726943,"StartTime: Sun Apr 27 22:45:59 2025"
"comp_condAALfit_Andre_plotsflt2mkt0_page2.png","Conditional AAL plot, whole catch, 2_CA_NONTWL (plot 2 of 3)",NA,"A@LComp",2025-04-27 22:54:39.726943,"StartTime: Sun Apr 27 22:45:59 2025"
"comp_condAALfit_Andre_plotsflt2mkt0_page3.png","Conditional AAL plot, whole catch, 2_CA_NONTWL (plot 3 of 3)",NA,"A@LComp",2025-04-27 22:54:39.726943,"StartTime: Sun Apr 27 22:45:59 2025"
"comp_condAALfit_data_weighting_TA1-8_condAge3_CA_REC.png","Mean age from conditional data (aggregated across length bins) for 3_CA_REC with 95% confidence intervals  based on current samples sizes.<br>Francis data weighting method TA1.8: thinner intervals (with capped ends) show result of further adjusting sample sizes based on suggested multiplier (with 95% interval) for conditional age-at-length data from 3_CA_REC:<br>0.98 (0.7144-2.0488) <br>For more info, see  <a href=https://doi.org/10.1139/f2011-025> Francis (2011)</a> and  <a href=https://doi.org/10.1016/j.fishres.2015.12.006> Punt (2017)</a>.",NA,"A@LComp",2025-04-27 22:54:39.726943,"StartTime: Sun Apr 27 22:45:59 2025"
"comp_condAALfit_Andre_plotsflt3mkt0_page1.png","Conditional AAL plot, whole catch, 3_CA_REC (plot 1 of 4)
These plots show mean age and std. dev. in conditional A@L.<br>Left plots are mean A@L by size-class (obs. and exp.) with 90% CIs based on adding 1.64 SE of mean to the data.<br>Right plots in each pair are SE of mean A@L (obs. and exp.) with 90% CIs based on the chi-square distribution.",NA,"A@LComp",2025-04-27 22:54:39.726943,"StartTime: Sun Apr 27 22:45:59 2025"
"comp_condAALfit_Andre_plotsflt3mkt0_page2.png","Conditional AAL plot, whole catch, 3_CA_REC (plot 2 of 4)",NA,"A@LComp",2025-04-27 22:54:39.726943,"StartTime: Sun Apr 27 22:45:59 2025"
"comp_condAALfit_Andre_plotsflt3mkt0_page3.png","Conditional AAL plot, whole catch, 3_CA_REC (plot 3 of 4)",NA,"A@LComp",2025-04-27 22:54:39.726943,"StartTime: Sun Apr 27 22:45:59 2025"
"comp_condAALfit_Andre_plotsflt3mkt0_page4.png","Conditional AAL plot, whole catch, 3_CA_REC (plot 4 of 4)",NA,"A@LComp",2025-04-27 22:54:39.726943,"StartTime: Sun Apr 27 22:45:59 2025"
"comp_condAALfit_data_weighting_TA1-8_condAge4_ORWA_TWL.png","Mean age from conditional data (aggregated across length bins) for 4_ORWA_TWL with 95% confidence intervals  based on current samples sizes.<br>Francis data weighting method TA1.8: thinner intervals (with capped ends) show result of further adjusting sample sizes based on suggested multiplier (with 95% interval) for conditional age-at-length data from 4_ORWA_TWL:<br>0.9904 (0.5891-3.5236) <br>For more info, see  <a href=https://doi.org/10.1139/f2011-025> Francis (2011)</a> and  <a href=https://doi.org/10.1016/j.fishres.2015.12.006> Punt (2017)</a>.",NA,"A@LComp",2025-04-27 22:54:39.726943,"StartTime: Sun Apr 27 22:45:59 2025"
"comp_condAALfit_Andre_plotsflt4mkt0_page1.png","Conditional AAL plot, whole catch, 4_ORWA_TWL (plot 1 of 4)
These plots show mean age and std. dev. in conditional A@L.<br>Left plots are mean A@L by size-class (obs. and exp.) with 90% CIs based on adding 1.64 SE of mean to the data.<br>Right plots in each pair are SE of mean A@L (obs. and exp.) with 90% CIs based on the chi-square distribution.",NA,"A@LComp",2025-04-27 22:54:39.726943,"StartTime: Sun Apr 27 22:45:59 2025"
"comp_condAALfit_Andre_plotsflt4mkt0_page2.png","Conditional AAL plot, whole catch, 4_ORWA_TWL (plot 2 of 4)",NA,"A@LComp",2025-04-27 22:54:39.726943,"StartTime: Sun Apr 27 22:45:59 2025"
"comp_condAALfit_Andre_plotsflt4mkt0_page3.png","Conditional AAL plot, whole catch, 4_ORWA_TWL (plot 3 of 4)",NA,"A@LComp",2025-04-27 22:54:39.726943,"StartTime: Sun Apr 27 22:45:59 2025"
"comp_condAALfit_Andre_plotsflt4mkt0_page4.png","Conditional AAL plot, whole catch, 4_ORWA_TWL (plot 4 of 4)",NA,"A@LComp",2025-04-27 22:54:39.726943,"StartTime: Sun Apr 27 22:45:59 2025"
"comp_condAALfit_data_weighting_TA1-8_condAge5_ORWA_NONTWL.png","Mean age from conditional data (aggregated across length bins) for 5_ORWA_NONTWL with 95% confidence intervals  based on current samples sizes.<br>Francis data weighting method TA1.8: thinner intervals (with capped ends) show result of further adjusting sample sizes based on suggested multiplier (with 95% interval) for conditional age-at-length data from 5_ORWA_NONTWL:<br>0.9725 (0.6029-2.4884) <br>For more info, see  <a href=https://doi.org/10.1139/f2011-025> Francis (2011)</a> and  <a href=https://doi.org/10.1016/j.fishres.2015.12.006> Punt (2017)</a>.",NA,"A@LComp",2025-04-27 22:54:39.726943,"StartTime: Sun Apr 27 22:45:59 2025"
"comp_condAALfit_Andre_plotsflt5mkt0_page1.png","Conditional AAL plot, whole catch, 5_ORWA_NONTWL (plot 1 of 4)
These plots show mean age and std. dev. in conditional A@L.<br>Left plots are mean A@L by size-class (obs. and exp.) with 90% CIs based on adding 1.64 SE of mean to the data.<br>Right plots in each pair are SE of mean A@L (obs. and exp.) with 90% CIs based on the chi-square distribution.",NA,"A@LComp",2025-04-27 22:54:39.726943,"StartTime: Sun Apr 27 22:45:59 2025"
"comp_condAALfit_Andre_plotsflt5mkt0_page2.png","Conditional AAL plot, whole catch, 5_ORWA_NONTWL (plot 2 of 4)",NA,"A@LComp",2025-04-27 22:54:39.726943,"StartTime: Sun Apr 27 22:45:59 2025"
"comp_condAALfit_Andre_plotsflt5mkt0_page3.png","Conditional AAL plot, whole catch, 5_ORWA_NONTWL (plot 3 of 4)",NA,"A@LComp",2025-04-27 22:54:39.726943,"StartTime: Sun Apr 27 22:45:59 2025"
"comp_condAALfit_Andre_plotsflt5mkt0_page4.png","Conditional AAL plot, whole catch, 5_ORWA_NONTWL (plot 4 of 4)",NA,"A@LComp",2025-04-27 22:54:39.726943,"StartTime: Sun Apr 27 22:45:59 2025"
"comp_condAALfit_data_weighting_TA1-8_condAge6_OR_REC.png","Mean age from conditional data (aggregated across length bins) for 6_OR_REC with 95% confidence intervals  based on current samples sizes.<br>Francis data weighting method TA1.8: thinner intervals (with capped ends) show result of further adjusting sample sizes based on suggested multiplier (with 95% interval) for conditional age-at-length data from 6_OR_REC:<br>1.0625 (0.6293-3.1152) <br>For more info, see  <a href=https://doi.org/10.1139/f2011-025> Francis (2011)</a> and  <a href=https://doi.org/10.1016/j.fishres.2015.12.006> Punt (2017)</a>.",NA,"A@LComp",2025-04-27 22:54:39.726943,"StartTime: Sun Apr 27 22:45:59 2025"
"comp_condAALfit_Andre_plotsflt6mkt0_page1.png","Conditional AAL plot, whole catch, 6_OR_REC (plot 1 of 5)
These plots show mean age and std. dev. in conditional A@L.<br>Left plots are mean A@L by size-class (obs. and exp.) with 90% CIs based on adding 1.64 SE of mean to the data.<br>Right plots in each pair are SE of mean A@L (obs. and exp.) with 90% CIs based on the chi-square distribution.",NA,"A@LComp",2025-04-27 22:54:39.726943,"StartTime: Sun Apr 27 22:45:59 2025"
"comp_condAALfit_Andre_plotsflt6mkt0_page2.png","Conditional AAL plot, whole catch, 6_OR_REC (plot 2 of 5)",NA,"A@LComp",2025-04-27 22:54:39.726943,"StartTime: Sun Apr 27 22:45:59 2025"
"comp_condAALfit_Andre_plotsflt6mkt0_page3.png","Conditional AAL plot, whole catch, 6_OR_REC (plot 3 of 5)",NA,"A@LComp",2025-04-27 22:54:39.726943,"StartTime: Sun Apr 27 22:45:59 2025"
"comp_condAALfit_Andre_plotsflt6mkt0_page4.png","Conditional AAL plot, whole catch, 6_OR_REC (plot 4 of 5)",NA,"A@LComp",2025-04-27 22:54:39.726943,"StartTime: Sun Apr 27 22:45:59 2025"
"comp_condAALfit_Andre_plotsflt6mkt0_page5.png","Conditional AAL plot, whole catch, 6_OR_REC (plot 5 of 5)",NA,"A@LComp",2025-04-27 22:54:39.726943,"StartTime: Sun Apr 27 22:45:59 2025"
"comp_condAALfit_data_weighting_TA1-8_condAge7_WA_REC.png","Mean age from conditional data (aggregated across length bins) for 7_WA_REC with 95% confidence intervals  based on current samples sizes.<br>Francis data weighting method TA1.8: thinner intervals (with capped ends) show result of further adjusting sample sizes based on suggested multiplier (with 95% interval) for conditional age-at-length data from 7_WA_REC:<br>1.2217 (0.6632-13.4721) <br>For more info, see  <a href=https://doi.org/10.1139/f2011-025> Francis (2011)</a> and  <a href=https://doi.org/10.1016/j.fishres.2015.12.006> Punt (2017)</a>.",NA,"A@LComp",2025-04-27 22:54:39.726943,"StartTime: Sun Apr 27 22:45:59 2025"
"comp_condAALfit_Andre_plotsflt7mkt0_page1.png","Conditional AAL plot, whole catch, 7_WA_REC (plot 1 of 3)
These plots show mean age and std. dev. in conditional A@L.<br>Left plots are mean A@L by size-class (obs. and exp.) with 90% CIs based on adding 1.64 SE of mean to the data.<br>Right plots in each pair are SE of mean A@L (obs. and exp.) with 90% CIs based on the chi-square distribution.",NA,"A@LComp",2025-04-27 22:54:39.726943,"StartTime: Sun Apr 27 22:45:59 2025"
"comp_condAALfit_Andre_plotsflt7mkt0_page2.png","Conditional AAL plot, whole catch, 7_WA_REC (plot 2 of 3)",NA,"A@LComp",2025-04-27 22:54:39.726943,"StartTime: Sun Apr 27 22:45:59 2025"
"comp_condAALfit_Andre_plotsflt7mkt0_page3.png","Conditional AAL plot, whole catch, 7_WA_REC (plot 3 of 3)",NA,"A@LComp",2025-04-27 22:54:39.726943,"StartTime: Sun Apr 27 22:45:59 2025"
"comp_condAALfit_data_weighting_TA1-8_condAge11_NWFSC_ORWA.png","Mean age from conditional data (aggregated across length bins) for 11_NWFSC_ORWA with 95% confidence intervals  based on current samples sizes.<br>Francis data weighting method TA1.8: thinner intervals (with capped ends) show result of further adjusting sample sizes based on suggested multiplier (with 95% interval) for conditional age-at-length data from 11_NWFSC_ORWA:<br>2.0365 (1.4136-5.3243) <br>For more info, see  <a href=https://doi.org/10.1139/f2011-025> Francis (2011)</a> and  <a href=https://doi.org/10.1016/j.fishres.2015.12.006> Punt (2017)</a>.",NA,"A@LComp",2025-04-27 22:54:39.726943,"StartTime: Sun Apr 27 22:45:59 2025"
"comp_condAALfit_Andre_plotsflt11mkt0_page1.png","Conditional AAL plot, whole catch, 11_NWFSC_ORWA (plot 1 of 4)
These plots show mean age and std. dev. in conditional A@L.<br>Left plots are mean A@L by size-class (obs. and exp.) with 90% CIs based on adding 1.64 SE of mean to the data.<br>Right plots in each pair are SE of mean A@L (obs. and exp.) with 90% CIs based on the chi-square distribution.",NA,"A@LComp",2025-04-27 22:54:39.726943,"StartTime: Sun Apr 27 22:45:59 2025"
"comp_condAALfit_Andre_plotsflt11mkt0_page2.png","Conditional AAL plot, whole catch, 11_NWFSC_ORWA (plot 2 of 4)",NA,"A@LComp",2025-04-27 22:54:39.726943,"StartTime: Sun Apr 27 22:45:59 2025"
"comp_condAALfit_Andre_plotsflt11mkt0_page3.png","Conditional AAL plot, whole catch, 11_NWFSC_ORWA (plot 3 of 4)",NA,"A@LComp",2025-04-27 22:54:39.726943,"StartTime: Sun Apr 27 22:45:59 2025"
"comp_condAALfit_Andre_plotsflt11mkt0_page4.png","Conditional AAL plot, whole catch, 11_NWFSC_ORWA (plot 4 of 4)",NA,"A@LComp",2025-04-27 22:54:39.726943,"StartTime: Sun Apr 27 22:45:59 2025"
"comp_condAALfit_data_weighting_TA1-8_condAge12_IPHC_ORWA.png","Mean age from conditional data (aggregated across length bins) for 12_IPHC_ORWA with 95% confidence intervals  based on current samples sizes.<br>Francis data weighting method TA1.8: thinner intervals (with capped ends) show result of further adjusting sample sizes based on suggested multiplier (with 95% interval) for conditional age-at-length data from 12_IPHC_ORWA:<br>0.9948 (0.676-2.0469) <br>For more info, see  <a href=https://doi.org/10.1139/f2011-025> Francis (2011)</a> and  <a href=https://doi.org/10.1016/j.fishres.2015.12.006> Punt (2017)</a>.",NA,"A@LComp",2025-04-27 22:54:39.726943,"StartTime: Sun Apr 27 22:45:59 2025"
"comp_condAALfit_Andre_plotsflt12mkt0_page1.png","Conditional AAL plot, whole catch, 12_IPHC_ORWA (plot 1 of 4)
These plots show mean age and std. dev. in conditional A@L.<br>Left plots are mean A@L by size-class (obs. and exp.) with 90% CIs based on adding 1.64 SE of mean to the data.<br>Right plots in each pair are SE of mean A@L (obs. and exp.) with 90% CIs based on the chi-square distribution.",NA,"A@LComp",2025-04-27 22:54:39.726943,"StartTime: Sun Apr 27 22:45:59 2025"
"comp_condAALfit_Andre_plotsflt12mkt0_page2.png","Conditional AAL plot, whole catch, 12_IPHC_ORWA (plot 2 of 4)",NA,"A@LComp",2025-04-27 22:54:39.726943,"StartTime: Sun Apr 27 22:45:59 2025"
"comp_condAALfit_Andre_plotsflt12mkt0_page3.png","Conditional AAL plot, whole catch, 12_IPHC_ORWA (plot 3 of 4)",NA,"A@LComp",2025-04-27 22:54:39.726943,"StartTime: Sun Apr 27 22:45:59 2025"
"comp_condAALfit_Andre_plotsflt12mkt0_page4.png","Conditional AAL plot, whole catch, 12_IPHC_ORWA (plot 4 of 4)",NA,"A@LComp",2025-04-27 22:54:39.726943,"StartTime: Sun Apr 27 22:45:59 2025"
"yield1_yield_curve.png","Yield curve",NA,"Yield",2025-04-27 22:54:39.726943,"StartTime: Sun Apr 27 22:45:59 2025"
"yield2_yield_curve_with_refpoints.png","Yield curve with reference points",NA,"Yield",2025-04-27 22:54:39.726943,"StartTime: Sun Apr 27 22:45:59 2025"
"yield3_surplus_production.png","Surplus production vs. total biomass plot. For interpretation, see<br> <blockquote>Walters, Hilborn, and  Christensen, 2008, Surplus production dynamics in declining and recovering fish populations. <i>Can. J. Fish. Aquat. Sci.</i> 65: 2536-2551. <a href='https://doi.org/10.1139/F08-170'>https://doi.org/10.1139/F08-170</a>.</blockquote>",NA,"Yield",2025-04-27 22:54:39.726943,"StartTime: Sun Apr 27 22:45:59 2025"
"yield4_surplus_production.png","Surplus production vs. spawning biomass plot. For interpretation, see<br> <blockquote>Forrest, Kronlund, Cleary, and Grinnell. 2023. An evidence-based approach for selecting a limit reference point for Pacific herring (<i>Clupea pallasii</i>) stocks in British Columbia, Canada. <i>Can. J. Fish. Aquat. Sci.</i> 80: 1071-1083. <a href='https://doi.org/10.1139/cjfas-2022-0168'>https://doi.org/10.1139/cjfas-2022-0168</a>.</blockquote>",NA,"Yield",2025-04-27 22:54:39.726943,"StartTime: Sun Apr 27 22:45:59 2025"
"yield5_YPR_timeseries.png","Time series of yield per recruit (kg)",NA,"Yield",2025-04-27 22:54:39.726943,"StartTime: Sun Apr 27 22:45:59 2025"
"data_plot.png","Data presence by year for each fleet and data type.",NA,"Data",2025-04-27 22:54:39.726943,"StartTime: Sun Apr 27 22:45:59 2025"
"data_plot2.png","Data presence by year for each fleet, where circle area is <br>  relative within a data type. Circles are proportional to <br>  total catch for catches; to precision for indices, discards, and <br>  mean body weight observations; and to total sample size for <br> compositions and mean weight- or length-at-age observations. <br> Observations excluded from the likelihood have <br> equal size for all years. <br> Note that since the circles are are scaled relative <br>  to maximum within each type, the scaling within separate plots <br>  should not be compared.",NA,"Data",2025-04-27 22:54:39.726943,"StartTime: Sun Apr 27 22:45:59 2025"
"parameter_distributions_page1.png","Parameter distribution plots (plot 1 of 5). <br>Deviation parameters are not included. <br>Plotting range is equal to input limits on parameters. Use fitrange = TRUE to scale the range to the estimates.",NA,"Pars",2025-04-27 22:54:39.726943,"StartTime: Sun Apr 27 22:45:59 2025"
"parameter_distributions_page2.png","Parameter distribution plots (plot 2 of 5).",NA,"Pars",2025-04-27 22:54:39.726943,"StartTime: Sun Apr 27 22:45:59 2025"
"parameter_distributions_page3.png","Parameter distribution plots (plot 3 of 5).",NA,"Pars",2025-04-27 22:54:39.726943,"StartTime: Sun Apr 27 22:45:59 2025"
"parameter_distributions_page4.png","Parameter distribution plots (plot 4 of 5).",NA,"Pars",2025-04-27 22:54:39.726943,"StartTime: Sun Apr 27 22:45:59 2025"
"parameter_distributions_page5.png","Parameter distribution plots (plot 5 of 5).",NA,"Pars",2025-04-27 22:54:39.726943,"StartTime: Sun Apr 27 22:45:59 2025"
"parameterchecks.html","<b>Estimated parameters (excluding deviation parameters)</b><br> Any parameter with a gradient value with an absolute value above 0.001 or a parameter on bounds is colored in red.",NA,"DiagnosticTables",2025-04-27 22:54:39.726943,"StartTime: Sun Apr 27 22:45:59 2025"
